;city;IVS (2010);IDHM;populacao_estimada_2020;city_ibge_code;cases_media_apr;deaths_media_apr;cases_media_ago;deaths_media_ago;cases_media_dec;deaths_media_dec
0;Adamantina;0.174;0.79;33908.33584992;3500105;0.6319558566193093;0.0;11.130577345617514;0.09513313970613259;11.225710485323646;0.2853994191183978
1;Adolfo;0.217;0.729;3446.8339225600002;3500204;29.012131784327146;0.0;44.922010504764614;0.0;13.102253063889679;0.0
2;Aguaí;0.286;0.715;35649.09203903999;3500303;5.610241062548696;0.701280132818587;9.501214702703438;0.09048775907336606;16.197308874132528;0.36195103629346426
3;Águas da Prata;0.181;0.781;7801.505622719999;3500402;6.40901928653196;0.0;12.81803857306392;0.0;14.058493918844297;0.0
4;Águas de Lindóia;0.182;0.745;18392.57468947;3500501;0.93740977549031;0.18748195509806198;12.803203191696685;0.1753863450917354;16.310930093531393;0.1753863450917354
5;Águas de Santa Bárbara;0.143;0.757;5933.231298600001;3500550;;;7.067899726218797;0.0;10.873691886490457;0.0
6;Águas de São Pedro;0.113;0.854;3133.1217618699993;3500600;1.5198594640837149;0.0;16.473315481681553;0.0;16.473315481681553;1.029582217605097
7;Agudos;0.258;0.745;36158.37572047999;3500709;1.716586109870132;0.09536589499278511;15.255466879652305;0.35685302642461525;14.898613853227685;0.08921325660615381
8;Alambari;0.203;0.712;5794.296704000001;3500758;1.150556660666762;0.0;11.691140261613873;0.5567209648387558;22.26883859355023;0.0
9;Alfredo Marcondes;0.235;0.741;3930.849922999999;3500808;;;12.309576229576539;0.8206384153051024;18.874683552017355;0.0
10;Altair;4.0;0.687;4039.66136506;3500907;;;15.970677540021926;0.7985338770010962;3.9926693850054815;0.7985338770010962
11;Altinópolis;0.28;0.73;15547.667200130001;3501004;;;16.183321908492008;0.41495697201261555;4.979483664151387;0.0
12;Alto Alegre;0.321;0.7;4020.06240317;3501103;;;30.492224465130185;0.802426959608689;32.89950534395625;0.0
13;Alumínio;0.251;0.766;17982.033459319995;3501152;;;10.04586948962077;0.3587810532007418;18.297833713237832;0.7175621064014835
14;Álvares Florence;0.19;0.728;3618.8407334800004;3501202;;;23.176197550225513;0.8913922134702119;16.93645205593403;0.0
15;Álvares Machado;0.231;0.757;23770.94774816;3501301;1.4022719534147943;0.0;6.242371921652956;0.2714074748544763;13.434670005296578;0.40711121228171454
16;Álvaro de Carvalho;0.278;0.688;5044.71103218;3501400;;;2.5577730268676393;0.0;3.8366595403014596;0.0
17;Alvinlândia;0.17;0.722;3178.5528968800004;3501509;;;12.178396482673431;0.0;9.133797362005074;0.0
18;Americana;0.149;0.81;234123.22145075;3501608;0.6976383304536583;0.04271255084410153;25.710199959707566;0.5649079305187621;26.90890703178396;0.45468199285656463
19;Américo Brasiliense;0.269;0.751;40359.04233529001;3501707;0.9911037944778966;0.0;14.946484642529569;0.0799277253611207;13.507785586029396;0.2397831760833621
20;Américo de Campos;0.248;0.745;5739.7354335;3501806;;;85.42598980841358;3.372078545068957;20.79448436125857;0.0
21;Amparo;0.151;0.785;69733.21302305;3501905;0.7887202900262175;0.0;13.368924564080752;0.3238147818289456;11.472295127654071;0.1850370181879689
22;Analândia;0.194;0.754;4864.430544959999;3502002;;;8.620841326312448;0.6631416404855729;7.957699685826876;0.0
23;Andradina;0.185;0.779;56088.54634367001;3502101;1.225740449373563;0.0;14.263161592710553;0.17253824507311155;25.190583780674284;1.3227932122271884
24;Angatuba;0.227;0.719;24521.1638;3502200;0.6274015177295699;0.31370075886478493;12.234329595726612;0.5262077245473811;6.051388832294883;0.39465579341053586
25;Anhembi;0.211;0.721;6687.431639869998;3502309;29.906847766131026;0.0;5.306053635926473;0.0;3.376579586498664;0.0
26;Anhumas;0.208;0.741;3965.3806203900003;3502408;;;8.948414884887407;0.0;20.337306556562286;0.0
27;Aparecida;0.187;0.755;35712.42228;3502507;0.2153958539131525;0.0;12.736148394284147;0.6322910550353831;9.213383944801297;0.0903272935764833
28;Aparecida d'Oeste;0.243;0.721;4129.3558;3502606;;;22.654474844907813;0.0;24.2168524204187;0.7811887877554419
29;Apiaí;0.342;0.71;24572.52305604;3502705;0.2543491356482309;0.0;6.038740768938643;0.26255394647559316;10.108326939310338;0.39383091971338985
30;Araçariguama;0.235;0.704;20134.116679320003;3502754;0.7450041260268787;0.24833470867562624;19.546344811888;0.4806478232431476;12.657059345402885;0.32043188216209834
31;Araçatuba;0.172;0.788;188053.82459856002;3502804;1.1344269854055757;0.03545084329392424;27.788886840076096;0.600377184816459;35.98832382128373;0.3259190431860777
32;Araçoiaba da Serra;0.221;0.776;31235.11064532;3502903;0.30490718063892913;0.0;22.72050281535246;0.3098250383911699;15.284701893964384;0.4131000511882265
33;Aramina;0.167;0.741;5624.818856250001;3503000;;;22.939806838604643;0.0;1.146990341930232;0.0
34;Arandu;0.216;0.686;6371.274662500001;3503109;10.089929832108266;2.2422066293573923;4.556742504823089;0.0;8.100875564129934;0.5063047227581209
35;Arapeí;0.243;0.68;2558.2417437500003;3503158;;;2.5218933742237764;0.0;21.4360936809021;0.0
36;Araraquara;0.176;0.815;232311.33413125;3503208;1.128093756153882;0.04453001669028482;19.481642893307722;0.1805141536799718;19.578842822212327;0.19439985780920038
37;Araras;0.185;0.781;133219.06702500003;3503307;0.437875257919247;0.06255360827417812;23.269942277994268;0.4358573995878219;12.95465048774915;0.09685719990840484
38;Arco-Íris;0.229;0.722;1810.44617192;3503356;;;20.349738000819098;0.0;14.254194360020751;1.7817742950025939
39;Arealva;0.213;0.744;8200.307571749998;3503406;2.438932908919156;0.0;14.55492219838851;0.39337627563212185;20.848942608502462;0.0
40;Areias;0.286;0.697;3836.75250447;3503505;;;10.929942398450486;0.0;0.8407647998808065;0.0
41;Areiópolis;0.298;0.695;10844.170526879998;3503604;4.610772200239977;0.0;13.088643665197356;0.0;8.626606052061891;0.0
42;Ariranha;0.221;0.732;9333.119802239999;3503703;;;11.751420926635436;0.0;7.258230572333653;1.0368900817619504
43;Artur Nogueira;0.26;0.749;52937.46398772;3503802;0.085864607086372;0.0;21.997958370321495;0.5484255549387631;11.577872826484999;0.5484255549387631
44;Arujá;0.307;0.784;89967.62152576;3503901;1.9266190479838754;0.07410073261476444;17.676610247941387;0.35855193200692465;14.055235734671447;0.5019727048096946
45;Aspásia;0.206;0.735;1765.1410875000001;3503950;;;20.1025692614738;0.0;14.620050371980943;0.0
46;Assis;0.163;0.804;101470.45873664;3504008;0.441779674252224;0.06796610373111138;12.016845630652305;0.09537179071946275;15.64097367799189;0.2861153721583883
47;Atibaia;0.203;0.765;139835.15645707003;3504107;0.8683694036974922;0.025540276579338005;14.810064896457419;0.32296091674517735;16.747830396928485;0.16148045837258868
48;Auriflama;0.218;0.773;14483.882288690002;3504206;1.7260565573307438;0.0;23.83071633992124;0.4454339502789016;35.41199904717268;0.0
49;Avaí;0.281;0.714;5291.119671749999;3504305;1.4538147253364841;0.0;18.28992718971706;0.6096642396572352;6.706306636229589;0.0
50;Avanhandava;0.275;0.705;12119.278149090003;3504404;;;10.913031526226655;0.2661715006396745;3.4602295083157686;0.0
51;Avaré;0.224;0.767;87624.98073725;3504503;1.091608501459916;0.049618568248178;6.99461752401735;0.11044132932658973;10.418298733141631;0.03681377644219658
52;Bady Bassitt;0.164;0.746;16404.727768520002;3504602;0.5300698857435259;0.0;59.18828740326499;0.39327765716455143;26.349603030024948;0.19663882858227572
53;Balbinos;0.269;0.669;3705.661196189999;3504701;;;47.007413566624784;0.8705076586411996;15.669137855541596;0.0
54;Bálsamo;0.166;0.757;8536.311314999999;3504800;;;60.084878219609735;2.267353895079613;20.028292739869915;0.3778923158466021
55;Bananal;0.259;0.733;10646.7695136;3504909;;;20.60294800497722;0.3029845294849591;10.30147400248861;0.0
56;Barão de Antonina;0.273;0.711;3384.1452236799996;3505005;;;0.953211590637675;0.0;0.0;0.0
57;Barbosa;0.266;0.699;7286.99695542;3505104;;;26.118108983646707;0.4426798132821475;10.624315518771542;0.4426798132821475
58;Bariri;0.151;0.75;34038.22865040001;3505203;0.17281607105918959;0.0;23.88206607798607;0.37908041393628683;10.0456309693116;0.09477010348407171
59;Barra Bonita;0.141;0.788;34901.092971;3505302;2.865239781547585;0.40931996879251215;18.76269921465032;0.3697083589093658;8.965427703552121;0.2772812691820244
60;Barra do Chapéu;0.434;0.66;5529.2355052;3505351;;;11.084773387388607;0.5834091256520318;8.167727759128447;0.0
61;Barra do Turvo;0.368;0.641;7666.79156336;3505401;0.5928757170310345;0.0;21.45827595189744;0.4207505088607341;15.147018318986431;0.4207505088607341
62;Barretos;0.188;0.789;118192.68214992002;3505500;1.656898970148854;0.10575950873290559;33.43365114782176;0.46397719960242445;11.435673331377403;0.10917110578880576
63;Barrinha;0.342;0.725;32393.863429339995;3505609;0.3858755540927055;0.3858755540927055;19.71699605428534;0.6970655170706938;1.9916157630591251;0.1991615763059125
64;Barueri;0.298;0.786;264752.51331825;3505708;3.701570148352002;0.18885561981387763;24.161335102639956;0.5970274432825808;28.255237570863372;0.4751851079187889
65;Bastos;0.175;0.751;20255.612339159998;3505807;;;3.3443538684291503;0.3185098922313476;8.28125719801504;0.1592549461156738
66;Batatais;0.252;0.761;60293.23559324999;3505906;0.14422268250083012;0.07211134125041506;13.750004455845273;0.32101177717926704;6.687745357901397;0.10700392572642234
67;Bauru;0.208;0.801;364671.67127992003;3506003;0.959767449913437;0.08226578142115173;26.785030768091126;0.5749758916532111;23.591703123678677;0.291910837300861
68;Bebedouro;0.161;0.779;74194.61189712;3506102;0.39311030708146105;0.0;10.304200122946314;0.13043291294868753;12.695470193672254;0.26086582589737506
69;Bento de Abreu;0.243;0.744;2948.9609476800006;3506201;;;10.938789997035062;0.0;21.877579994070125;0.0
70;Bernardino de Campos;0.198;0.734;10782.1561078;3506300;;;13.163924028913767;0.29918009156622194;5.983601831324439;0.29918009156622194
71;Bertioga;0.224;0.73;63682.26871679998;3506359;;;26.188481803317174;0.5065470368146455;16.66539751120184;0.25327351840732276
72;Bilac;0.201;0.768;7838.042279;3506409;0.7973929940063289;0.0;16.462306973033886;0.0;27.57436417983176;1.2346730229775416
73;Birigui;0.141;0.779;121615.56906160002;3506508;0.690701039744778;0.0;19.654741568774213;0.6631154375429896;31.803016384561786;0.39786926252579385
74;Biritiba Mirim;0.278;0.712;32371.601411959993;3506607;2.316845529065811;0.0;15.943883210775471;0.5978956204040803;3.2884259122224413;0.0996492700673467
75;Boa Esperança do Sul;0.335;0.681;14589.55263644;3506706;;;16.80389361016093;0.4422077265831823;6.190908172164553;0.22110386329159115
76;Bocaina;0.15;0.742;12158.186778720003;3506805;2.7416368854996827;0.0;4.775754574741384;0.0;11.408747039659973;0.2653196985967435
77;Bofete;0.268;0.704;11102.9894144;3506904;;;12.783537709842793;0.0;3.776954323362643;0.0
78;Boituva;0.193;0.78;57594.08668750001;3507001;0.7639673190537734;0.0;12.434072201608334;0.22403733696591593;19.603266984517646;0.2800466712073949
79;Bom Jesus dos Perdões;0.207;0.713;24415.97318775;3507100;1.3652264882915808;0.0;17.703904783652114;0.1321186924153143;12.947631856700799;0.1321186924153143
80;Bom Sucesso de Itararé;0.36;0.66;3857.22957077;3507159;;;0.0;0.0;18.398630580164543;0.0
81;Borá;0.27;0.745;811.4586560999998;3507209;;;7.950636615589623;0.0;19.876591538974058;0.0
82;Boracéia;0.173;0.754;4766.070805020001;3507308;;;24.365779907371138;0.6768272196491981;20.981643809125146;0.0
83;Borborema;0.219;0.729;15347.419136280001;3507407;0.9308219290072077;0.0;18.0759613310432;0.0;7.566681487413432;0.2101855968725953
84;Borebi;0.216;0.705;2584.939456;3507456;25.79041706834725;0.0;13.727157471862249;0.0;11.231310658796387;0.0
85;Botucatu;0.18;0.8;141515.6695475;3507506;1.753502979151413;0.10468674502396495;13.973147716868096;0.13676816688614776;23.296177759607172;0.13676816688614776
86;Bragança Paulista;0.193;0.776;164495.52165960002;3507605;1.646448064973977;0.25329970230368876;23.414697642627434;0.4118162901969649;10.6876132455879;0.21571329486507687
87;Braúna;0.278;0.736;5563.78802608;3507704;;;10.436148152456118;1.1595720169395685;3.4787160508187056;0.0
88;Brejo Alegre;0.184;0.71;2772.5832043200007;3507753;;;27.923185395511847;1.1634660581463268;15.12505875590225;0.0
89;Brodowski;0.202;0.755;24038.392986299998;3507803;1.1093364969057866;0.0;23.752325800684382;0.9393575175411901;15.969077798200233;0.13419393107731287
90;Brotas;0.197;0.74;23903.26612892;3507902;;;7.9621997938973905;0.0;8.906867566054707;0.13495253887961678
91;Buri;0.395;0.667;19657.926688680003;3508009;;;20.676219793681526;0.0;12.635467651694265;0.16409698248953591
92;Buritama;0.272;0.763;16623.576206250003;3508108;1.879860242602363;0.0;19.405008955895358;0.5821502686768608;63.84247946489573;1.358350626912675
93;Buritizal;0.172;0.735;4311.9753159599995;3508207;;;7.481041089621181;0.0;14.213978070280245;0.0
94;Cabrália Paulista;0.301;0.695;4300.93205348;3508306;;;18.750624350149966;0.0;8.250274714065986;0.0
95;Cabreúva;0.262;0.738;49540.85793792;3508405;0.44856353214692096;0.0;25.91539632500437;0.2604562444724057;31.840775886751597;0.06511406111810142
96;Caçapava;0.183;0.788;93254.90245632001;3508504;0.745968475211137;0.0;17.883691811966994;0.4496866413067136;14.113242281010704;0.27673024080413144
97;Cachoeira Paulista;0.185;0.764;32272.10942499999;3508603;0.20657672477716163;0.0;14.493689560978275;0.0;8.696213736586966;0.29986943919265396
98;Caconde;0.267;0.72;18849.92669154;3508702;1.768353473135447;0.0;6.331846307033376;0.0;16.770836164574888;0.0
99;Cafelândia;0.249;0.742;17251.36682724;3508801;;;11.96726120142768;0.0;3.1788037566292275;0.1869884562723075
100;Caiabu;0.303;0.729;4105.56102336;3508900;1.2178603536887607;1.2178603536887607;9.428596286622664;0.0;1.5714327144371105;0.0
101;Caieiras;0.303;0.782;100797.28587308;3509007;2.612504206362385;0.29762706148432233;20.673879754717444;0.6080552869034542;16.513501475904334;0.16001454918511954
102;Caiuá;0.338;0.697;5608.202636959999;3509106;;;12.079081279522272;0.0;14.379858666097943;0.5751943466439177
103;Cajamar;0.258;0.728;77859.97452750002;3509205;1.4127926533182744;0.12843569575620675;15.246560012349704;0.33144695679021097;6.753231744600548;0.24858521759265825
104;Cajati;0.283;0.694;28916.06598595;3509254;2.161428184261582;0.0;75.6360417511924;1.56180617185353;17.40298305779648;1.338691004445883
105;Cajobi;0.296;0.734;10114.42893176;3509304;9.886865652493059;0.0;26.152354306594543;0.6378623001608424;14.670832903699377;0.0
106;Cajuru;0.286;0.713;25687.188841500003;3509403;0.457998964189728;0.0;24.111429340568908;0.5023214445951856;1.2558036114879638;0.1255803611487964
107;Campina do Monte Alegre;0.359;0.717;5813.825971679999;3509452;;;2.2194035166007926;0.0;3.3291052749011896;0.0
108;Campinas;0.277;0.804;1178963.5522982397;3509502;1.0008791176790326;0.04806481638571625;25.36673127392649;0.8399942294353826;18.263718180720453;0.27908603062673953
109;Campo Limpo Paulista;0.292;0.769;82986.21593496001;3509601;1.6066925311768954;0.16066925311768956;11.972450796834288;0.4664591219545826;4.509104845560965;0.3109727479697217
110;Campos do Jordão;0.262;0.749;50143.93790464;3509700;0.3323765017889518;0.0;16.34005770085041;0.38598561498071826;25.153395909576805;0.19299280749035913
111;Campos Novos Paulista;0.335;0.706;4817.291359999999;3509809;;;18.749661146748927;0.0;20.088922657230995;0.0
112;Cananéia;0.26;0.72;12311.130154089997;3509908;3.748952823678251;0.6248254706130418;17.55558015819224;1.0480943378025216;30.1327122118225;0.2620235844506304
113;Canas;0.298;0.704;5074.977707609999;3509957;;;13.348223260624575;0.6356296790773606;3.8137780744641643;0.0
114;Cândido Mota;0.271;0.747;30027.004499249997;3510005;;;10.31329713100665;0.10743017844798591;17.61854926546969;0.0
115;Cândido Rodrigues;0.121;0.789;2675.0697069599996;3510104;;;12.058775303013585;0.0;10.852897772712229;0.0
116;Canitar;0.232;0.681;4995.14567552;3510153;;;12.269977006078962;0.0;20.019436167813044;0.0
117;Capão Bonito;0.327;0.721;46349.314575749995;3510203;0.6742278777160176;0.13484557554320353;17.53862453516763;0.1391954328187907;18.860981146946145;0.6959771640939536
118;Capela do Alto;0.297;0.699;20559.36024873;3510302;0.9727929156373164;0.0;8.472712491034692;0.0;8.786516657369308;0.31380416633461816
119;Capivari;0.208;0.75;54296.10086400001;3510401;;;24.299255705568545;0.4158796820023956;11.525808329780679;0.2376455325727975
120;Caraguatatuba;0.204;0.759;116491.86521088;3510500;0.9271033630073005;0.13734864637145192;21.2391959207467;0.4984426682834949;34.61407418635381;0.44306014958532874
121;Carapicuíba;0.32;0.749;395175.12083559996;3510609;1.8894576791368745;0.09278586817190008;18.921786723383967;0.5550826131104873;17.738154680721895;0.4163119598328655
122;Cardoso;0.302;0.723;11723.569752599999;3510708;;;10.731070336746404;0.5503112993203284;8.254669489804927;0.0
123;Casa Branca;0.179;0.73;29476.226657159998;3510807;;;22.763013384974794;0.5471878217542018;28.672641859920173;0.10943756435084034
124;Cássia dos Coqueiros;0.239;0.734;2490.3781695000002;3510906;;;23.315541727821213;0.0;1.295307873767845;0.0
125;Castilho;0.261;0.731;20776.687605760002;3511003;0.9626173516925443;0.0;15.99186890715033;0.0;15.6813471807979;0.3105217263524336
126;Catanduva;0.179;0.785;118188.07446875003;3511102;0.5640727033275588;0.10576363187391728;50.384429532710016;1.3373981836959863;6.468640194611199;0.1910568833851409
127;Catiguá;0.148;0.751;7567.2443437500015;3511201;;;20.887988936102236;0.42628548849188236;12.362279166264587;0.0
128;Cedral;0.203;0.766;8856.08919825;3511300;0.4182098464450393;0.0;32.053761133981084;1.092741856840264;16.391127852603958;0.3642472856134213
129;Cerqueira César;0.252;0.73;19231.78224471;3511409;;;9.89625289135709;0.6709323994140399;19.12157338330014;0.33546619970701996
130;Cerquilho;0.126;0.782;46639.16644016;3511508;;;17.637121499945668;0.20749554705818432;23.44699681757483;0.2766607294109124
131;Cesário Lange;0.244;0.705;17312.26581436;3511607;;;10.807180076819135;0.3726613819592805;17.328754261106546;0.18633069097964025
132;Charqueada;0.225;0.736;16961.029804190002;3511706;5.895868420400765;0.0;15.595522918479443;0.19018930388389563;8.7487079786592;0.0
133;Chavantes;0.232;0.729;12222.971682809997;3557204;0.818131650755903;0.0;10.292623993380715;0.0;14.515238965024084;0.0
134;Clementina;0.284;0.726;8361.005674879998;3511904;;;13.889361731563623;0.0;9.645390091363625;0.0
135;Colina;0.264;0.757;17617.224833280005;3512001;1.8920876385913314;0.0;14.648420427803858;0.0;8.23973649063967;0.18310525534754823
136;Colômbia;0.213;0.71;6047.871489969999;3512100;;;19.201636881778484;0.5333788022716245;3.7336516159013717;0.0
137;Conchal;0.191;0.708;27307.39744321;3512209;;;13.939269096659016;0.7087763947453737;22.680844631851958;0.7087763947453737
138;Conchas;0.192;0.736;17142.905160640003;3512308;0.3431362937643915;0.3431362937643915;9.03223276489495;0.0;24.83864010346111;1.1290290956118687
139;Cordeirópolis;0.177;0.758;24434.849047879994;3512407;0.5846450803817729;0.0;54.918918518442666;0.7920997863236924;15.709979095419898;0.2640332621078974
140;Coroados;0.188;0.719;5949.131525519999;3512506;;;21.147028112125458;0.0;18.978102151907464;1.0844629801089978
141;Coronel Macedo;0.373;0.69;4831.95056896;3512605;;;0.0;0.0;7.3435914671162035;0.0
142;Corumbataí;0.152;0.754;3963.16786905;3512704;;;29.302072507441252;0.0;5.6976252097802425;0.0
143;Cosmópolis;0.205;0.77;71562.89440608001;3512803;0.4657907370848504;0.0;24.74701109608867;0.5859947982680377;12.891885561896832;0.2704591376621713
144;Cosmorama;0.215;0.722;6994.43203518;3512902;9.531391016647573;0.0;54.42116806279422;4.611963395152053;20.292638938669032;0.0
145;Cotia;0.306;0.78;248395.26526416003;3513009;2.3484076184502864;0.254969970003174;14.713801834308802;0.597382951790119;9.869805290445445;0.1298658590848085
146;Cravinhos;0.175;0.756;34467.844501759995;3513108;0.828929948606727;0.10361624357584087;14.319096370287172;1.2166552471485832;4.773032123429057;0.3743554606611025
147;Cristais Paulista;0.175;0.734;8441.146655399998;3513207;;;3.821526367569126;0.0;16.05041074379033;0.3821526367569126
148;Cruzália;0.206;0.774;2112.8118537600003;3513306;;;13.741052244121866;0.0;7.633917913401035;0.0
149;Cruzeiro;0.198;0.788;79974.54319434002;3513405;0.3907493403752462;0.07814986807504924;14.036724691673363;0.20167707890335287;5.485616546171198;0.12100624734201175
150;Cubatão;0.291;0.737;129248.52445775;3513504;1.4000344043504527;0.0;33.019656923657585;0.5490797069693627;18.069713992991755;0.5989960439665775
151;Cunha;0.32;0.684;21647.980966469997;3513603;;;7.4505942531298235;0.0;12.069962690070314;0.0
152;Descalvado;0.193;0.76;32459.77172736;3513702;;;16.39746788691968;0.19875718650811736;22.757697855179437;0.09937859325405868
153;Diadema;0.308;0.757;404938.75620231;3513801;2.411887357550725;0.15640225185482515;14.27535663788693;0.39034178306722067;11.949238257159818;0.3664433065529011
154;Dirce Reis;0.168;0.741;1718.8291505700001;3513850;;;18.76746418073697;0.0;15.013971344589576;0.0
155;Divinolândia;0.255;0.734;10874.45846;3513900;;;9.492500875451677;0.2966406523578649;10.382422832525274;0.2966406523578649
156;Dobrada;0.22;0.718;8913.244017600002;3514007;1.6027513952839008;0.0;11.219259766987307;0.0;5.42867408080031;0.0
157;Dois Córregos;0.234;0.725;26989.560152939997;3514106;;;13.7448605991852;0.0;10.99588847934816;0.0
158;Dolcinópolis;0.23;0.742;2039.9395517899998;3514205;;;28.463841528089397;0.0;4.743973588014899;0.0
159;Dourado;0.266;0.738;8480.501138500002;3514304;;;8.74872217754573;0.0;7.987963727324362;1.1411376753320517
160;Dracena;0.145;0.776;45052.267104;3514403;0.5357761681284993;0.1530789051795712;17.542348730658926;0.5728113871235567;15.680711722507366;0.14320284678088918
161;Duartina;0.23;0.748;11975.72104399;3514502;0.5566818600882762;0.0;27.474943417260082;0.2693621903652949;3.771070665114129;0.0
162;Dumont;0.224;0.744;9631.13064225;3514601;;;41.86692315051105;0.6698707704081768;41.531987765306965;0.0
163;Echaporã;0.252;0.745;6213.81901915;3514700;;;1.557402834716371;0.0;24.399311077223146;0.0
164;Eldorado;0.338;0.691;15192.817152;3514809;0.5983688870837464;0.2991844435418732;24.62963548125355;0.21232444380390994;35.03353322764514;0.21232444380390994
165;Elias Fausto;0.227;0.695;17376.89274368;3514908;0.523160798941771;0.0;37.87009138146239;1.113826217101835;9.28188514251529;0.18563770285030579
166;Elisiário;0.154;0.747;3508.6844589200005;3514924;;;50.565776693787015;1.8387555161377096;20.22631067751481;0.0
167;Embaúba;0.285;0.73;2406.11006724;3514957;;;21.45076566884181;0.0;5.362691417210453;0.0
168;Embu das Artes;0.334;0.735;264469.35092332;3515004;1.4116317525261264;0.15124625919922782;10.587238143945948;0.219551021418234;5.513170093391208;0.20735374245055427
169;Embu-Guaçu;0.335;0.749;68096.18980931999;3515103;1.6447322576140837;0.17622131331579466;17.053675482173674;0.5210845286219735;15.253565292388677;0.5210845286219735
170;Emilianópolis;0.322;0.726;3072.80944128;3515129;;;7.348534164840433;0.0;25.194974279452914;1.0497905949772046
171;Engenheiro Coelho;0.284;0.732;20722.383675000005;3515152;4.136314000290109;0.0;39.38393599200959;0.6226709247748551;4.670031935811414;0.0
172;Espírito Santo do Pinhal;0.156;0.786;42596.983900160005;3515186;0.29344800630246143;0.0;27.413723427481557;0.8330136953102131;13.176762089452462;0.1514570355109478
173;Espírito Santo do Turvo;0.228;0.695;4802.85703125;3515194;;;11.417935058363987;0.0;2.0149297161818804;0.0
174;Estiva Gerbi;0.162;0.74;11095.627700000001;3557303;0.45062795320718985;0.0;6.396009658424631;0.0;7.558920505410927;0.5814554234931482
175;Estrela do Norte;0.277;0.74;2662.5968394899996;3515301;;;15.749843629725095;0.0;12.115264330557764;0.0
176;Estrela d'Oeste;0.149;0.759;8096.282713240001;3515202;1.7644781922390866;0.0;38.64776427517225;1.195291678613575;17.929375179203625;0.3984305595378583
177;Euclides da Cunha Paulista;0.392;0.704;9511.57582828;3515350;;;5.42632515974377;0.0;1.3565812899359424;0.3391453224839856
178;Fartura;0.175;0.732;15635.4626637;3515400;2.5582869442594633;0.0;6.189403897401927;0.0;55.91094853986408;0.0
179;Fernando Prestes;0.187;0.759;5574.796527829999;3515608;;;19.673797744422945;0.0;10.415539982341562;0.0
180;Fernandópolis;0.158;0.797;66177.22169307999;3515509;0.9444337250944986;0.0;37.67985907086696;0.584939597477883;34.706416117021064;0.4874496645649025
181;Fernão;0.263;0.703;1648.6623599600002;3515657;;;0.0;0.0;41.08902897832551;0.0
182;Ferraz de Vasconcelos;0.318;0.738;193298.70324235;3515707;1.6209800069920222;0.10346680895693759;15.052751883735114;0.40051667983330685;4.53918903811081;0.13350555994443558
183;Flora Rica;0.322;0.727;1583.18128615;3515806;;;20.375471083652457;0.0;71.31414879278361;2.0375471083652457
184;Floreal;0.139;0.747;2854.65821284;3515905;;;11.300149478853584;0.0;7.910104635197509;0.0
185;Flórida Paulista;0.296;0.716;12109.75937001;3516002;;;2.6638072260970445;0.0;5.8603758974134985;0.2663807226097044
186;Florínea;0.242;0.713;2697.0151975199997;3516101;;;7.415605228472833;0.0;7.176392156586613;0.0
187;Franca;0.187;0.78;342618.9355379201;3516200;0.2012892753084466;0.020128927530844658;16.69304946537806;0.34836031033219866;6.835394197329087;0.16005743988236154
188;Francisco Morato;0.367;0.703;174401.39729381;3516309;1.6015373108338031;0.13840445896094597;12.078180826467438;0.7953472826004591;10.487486261266518;0.1294751390279817
189;Franco da Rocha;0.34;0.731;152542.97511903997;3516408;2.797025994371152;0.28407295255332016;12.540093860852519;0.19032182925408547;6.048004796296493;0.10573434958560302
190;Gabriel Monteiro;0.139;0.763;2687.15658052;3516507;;;9.603627790052093;2.400906947513023;8.403174316295582;0.0
191;Gália;0.278;0.709;6540.468975809999;3516606;;;9.370936978269928;0.0;25.153567678514015;0.4932072093826277
192;Garça;0.188;0.77;42469.30484325001;3516705;0.6540671640447802;0.0;31.521817518803275;0.9114742415075646;14.735500237705626;0.15191237358459408
193;Gastão Vidigal;0.266;0.722;4786.997189040001;3516804;;;4.043210794857162;1.3477369316190537;0.6738684658095269;0.0
194;Gavião Peixoto;0.233;0.72;4611.40373628;3516853;;;80.44573044362019;0.6995280908140885;25.882539360121278;0.0
195;General Salgado;0.244;0.747;10658.73522652;3516903;;;18.158663573442226;0.0;23.606262645474892;0.3026443928907037
196;Getulina;0.214;0.717;10844.330129279999;3517000;;;18.44281736314854;0.0;14.57577501281094;0.0
197;Glicério;0.156;0.735;4751.787424;3517109;;;16.292680612706988;0.0;69.92275429620082;3.394308460980622
198;Guaiçara;0.174;0.739;11791.771168000001;3517208;;;63.19333030688105;0.5471284009253771;6.018412410179148;0.8206926013880657
199;Guaimbê;0.239;0.728;5529.050028;3517307;;;12.835431326555522;0.0;7.5845730566009895;0.0
200;Guaíra;0.207;0.753;39662.744803500005;3517406;0.72035933753398;0.0;34.56562950263856;0.8133089294738484;9.92236893958095;0.24399267884215453
201;Guapiaçu;0.24;0.725;20762.422749250003;3517505;;;63.2345869103295;0.6214701416248599;10.87572747843505;0.46610260621864497
202;Guapiara;0.361;0.675;18302.440379090003;3517604;;;6.873752844272799;0.17625007293007175;28.20001166881148;0.5287502187902153
203;Guará;0.356;0.718;20820.446330879997;3517703;1.6009903343856156;1.6009903343856156;30.367171503830388;0.15493454848893054;6.352316488046153;0.0
204;Guaraçaí;0.214;0.719;8505.064488959999;3517802;;;8.723455122933368;0.0;18.964032875942106;0.0
205;Guaraci;0.269;0.736;10991.16578429;3517901;;;40.20824474348655;0.2934908375436975;7.6307617761361355;0.586981675087395
206;Guarani d'Oeste;0.238;0.732;1922.3520750000002;3518008;;;28.5268814129271;0.0;10.068311086915449;0.0
207;Guarantã;0.283;0.713;6475.2220178100015;3518107;;;14.447131980875827;0.0;5.978123578293447;0.0
208;Guararapes;0.232;0.763;32128.224378879997;3518206;0.6916729029329849;0.0;12.751324646006479;0.2008082621418343;21.58688818024719;0.5020206553545857
209;Guararema;0.257;0.731;29454.468094080006;3518305;0.738058835941156;0.1476117671882312;15.332577107938855;0.43807363165539576;4.8188099482093545;0.3285552237415469
210;Guaratinguetá;0.179;0.798;117106.70434593;3518404;0.11644391935138222;0.0;17.519175479188604;0.6335550880838646;13.277110976366206;0.303004607344457
211;Guareí;0.277;0.687;15767.439826879998;3518503;;;15.753165986449396;0.0;4.091731425051791;0.0
212;Guariba;0.245;0.719;39091.481386960004;3518602;1.279051041966366;0.0;22.77536048920755;0.7426747985611158;9.8198112254192;0.33007768824938477
213;Guarujá;0.285;0.75;316502.41262687993;3518701;1.6956163531661135;0.07372245013765712;20.027366062741415;1.0803566425702749;8.143442994468392;0.6726748906569635
214;Guarulhos;0.31;0.763;1352933.2310300001;3518800;1.7640683308884917;0.16753721578270592;10.984496486398381;0.4363279481247892;5.691337771441922;0.22174043265358137
215;Guatapará;0.284;0.743;7443.75271705;3518859;;;19.501089818592046;0.4333575515242677;1.3000726545728032;0.0
216;Guzolândia;0.414;0.698;5111.823275020001;3518909;1.7784083294377038;0.0;5.679433052075248;0.6310481168972496;17.03829915622574;1.893144350691749
217;Herculândia;0.28;0.726;9264.45626112;3519006;;;4.526491646029755;0.0;10.44574995237636;0.6963833301584238
218;Holambra;0.117;0.793;14621.841359360003;3519055;2.27969463722812;0.0;33.533572728258804;0.4412312201086685;18.09048002445541;0.22061561005433425
219;Hortolândia;0.308;0.756;230827.17385475998;3519071;0.3610204636728255;0.028881637093826035;25.99347338444343;0.6568243274563662;12.549537150123765;0.1816748139772928
220;Iacanga;0.231;0.745;11335.988585599998;3519105;;;25.326134727962305;0.0;19.634868496959538;0.0
221;Iacri;0.306;0.733;6274.7723168;3519204;;;3.084548368051062;0.0;12.338193472204248;0.0
222;Iaras;0.367;0.673;6900.8352162500005;3519253;;;11.686289958122803;0.0;2.3372579916245604;0.0
223;Ibaté;0.298;0.703;34803.32987456;3519303;;;6.673443758204915;0.18537343772791426;16.31286252005646;0.0
224;Ibirá;0.206;0.74;12086.18081169;3519402;0.8273912293557446;0.0;14.679521811150307;0.0;21.618932121875908;0.5338007931327384
225;Ibirarema;0.239;0.708;7516.584509440001;3519501;;;9.87064647432858;0.8583170847242244;33.903524846606864;0.0
226;Ibitinga;0.179;0.747;58632.12460999;3519600;1.7055496566972699;0.0;39.667783950926825;0.7702482320568316;14.249592293051384;0.220070923444809
227;Ibiúna;0.308;0.71;76479.52421760002;3519709;0.3813656918638966;0.0;4.597477649382274;0.2108934701551502;5.651945000158025;0.1265360820930901
228;Icém;0.287;0.72;8041.275612500001;3519808;;;22.063583365170924;0.40115606118492586;14.040462141472409;0.0
229;Iepê;0.358;0.736;7918.84188396;3519907;1.0523424328263082;1.0523424328263082;10.591317388445427;0.0;18.33112624923247;0.0
230;Igaraçu do Tietê;0.321;0.727;24158.56381344;3520004;2.0696594543498392;0.0;16.957854884027714;0.4005792492290012;13.352641640966704;0.0
231;Igarapava;0.318;0.768;29486.085153840006;3520103;0.42392877639682564;0.0;18.598165674183317;0.10940097455401951;5.141845804038917;0.21880194910803902
232;Igaratá;0.244;0.711;9277.932573130001;3520202;2.9939620232017563;0.0;43.11305313410529;0.34768591237181684;33.725533500066234;0.0
233;Iguape;0.258;0.726;29440.110265239997;3520301;2.0902931743132815;0.0;19.83249935144819;0.3287154588637822;7.889171012730773;0.21914363924252145
234;Ilha Comprida;0.252;0.725;10303.66514975;3520426;7.376016096742429;0.3882113735127595;6.574547454651571;0.3130736883167415;26.92433719523977;2.504589506533932
235;Ilha Solteira;0.131;0.812;25781.65913747;3520442;0.8311556410823858;0.0;12.512020403390753;0.25024040806781506;19.76899223735739;0.12512020403390753
236;Ilhabela;0.223;0.756;33627.14394624;3520400;0.946205299773594;0.0;64.17626544731685;0.19185729580662733;82.69049449265638;0.28778594370994104
237;Indaiatuba;0.154;0.788;245063.90682683996;3520509;0.3400473550444781;0.05440757680711649;16.84879797897801;0.6186668007905988;65.26276592169764;0.46070931973768
238;Indiana;0.272;0.761;4774.47878985;3520608;;;14.8639767939389;0.0;16.215247411569706;0.6756353088154043
239;Indiaporã;0.202;0.751;3849.9705234000003;3520707;;;9.216660426897318;0.0;7.5409039856432605;0.0
240;Inúbia Paulista;0.2;0.759;3896.7500752200012;3520806;;;4.966918158995529;0.0;17.384213556484355;0.0
241;Ipaussu;0.263;0.727;14508.395930929999;3520905;;;13.340440116067857;0.22234066860113091;10.005330087050892;0.0
242;Iperó;0.271;0.719;34529.30655195;3521002;;;6.9132485200712495;0.09342227729826012;4.857958419509527;0.09342227729826012
243;Ipeúna;0.148;0.753;7588.4684990000005;3521101;;;16.153542072085276;0.42509321242329673;10.627330310582419;0.0
244;Ipiguá;0.184;0.73;5249.02318252;3521150;;;45.476971451429726;1.8436610047876918;41.78964944185434;1.2291073365251277
245;Iporanga;0.351;0.703;4401.0492288;3521200;;;25.65370663605053;0.7329630467443008;10.261482654420211;0.0
246;Ipuã;0.251;0.749;15888.292378560001;3521309;;;38.77880753815193;1.218182435753464;16.64849328863067;0.20303040595891064
247;Iracemápolis;0.179;0.776;23770.029797999996;3521408;0.0;0.0;40.16985749667673;0.542835912117253;38.67705873835428;0.4071269340879398
248;Irapuã;0.226;0.713;7742.116750679999;3521507;;;16.666276448644755;0.0;9.999765869186854;0.41665691121611886
249;Irapuru;0.298;0.712;7330.239084;3521606;;;3.080478672322978;0.0;10.121572780489785;0.4400683817604254
250;Itaberá;0.346;0.693;17589.64537244;3521705;;;9.353009998145103;0.0;23.657613524719963;0.3667847058096118
251;Itaí;0.363;0.713;26529.89286402;3521804;;;3.5261502025756415;0.0;7.052300405151283;0.12159138629571177
252;Itajobi;0.215;0.731;14627.695138559997;3521903;5.696955846014233;1.1393911692028462;31.31487987615565;0.22052732307151862;7.277401661360115;0.44105464614303724
253;Itaju;0.222;0.705;3664.0871085699996;3522000;;;64.26808751816093;0.0;7.923462844704773;0.0
254;Itanhaém;0.25;0.745;98897.00612553999;3522109;0.5729866745888538;0.0674101970104534;14.938969466510153;0.6197389079993295;16.047975933456325;0.32617837263122607
255;Itaoca;0.369;0.68;3177.7217843400003;3522158;;;10.15131805279451;0.0;6.090790831676707;0.0
256;Itapecerica da Serra;0.337;0.742;169838.93535055994;3522208;2.296293245097254;0.13738506594598954;10.560289861654864;0.6837597752150633;8.584983844366905;0.39885986887545355
257;Itapetininga;0.233;0.763;160286.73927325;3522307;0.33593642300227483;0.023995458785876774;9.458855043981103;0.1811270114804892;23.828264621433245;0.22137745847615348
258;Itapeva;0.265;0.732;91640.14184304;3522406;0.4960112952727571;0.0;7.286565931200439;0.0;19.325240078401162;1.3728312624000827
259;Itapevi;0.348;0.735;237961.41867488003;3522505;1.6809447608248995;0.2241259681099866;10.682132834919523;0.6100202761058103;5.951086693565572;0.17622807976390076
260;Itapira;0.184;0.762;71646.20581865999;3522604;0.9304982155705944;0.15508303592843242;23.412535746614957;0.4952651792553165;12.741822339023141;0.1350723216150863
261;Itapirapuã Paulista;0.428;0.661;4171.694135840001;3522653;;;20.87803452445845;0.0;33.250203131544936;0.0
262;Itápolis;0.274;0.743;41567.903676780006;3522703;;;14.589420183871145;0.3104131954015137;12.183717919509414;0.15520659770075684
263;Itaporanga;0.353;0.719;14682.320652999995;3522802;;;20.65244409368322;0.4394137041209195;3.295602780906897;0.0
264;Itapuí;0.261;0.725;13808.506420919997;3522901;;;28.26682109904511;0.0;10.278844036016405;0.0
265;Itapura;0.259;0.72;4922.90519716;3523008;;;13.76056063865519;0.0;2.6210591692676553;0.6552647923169138
266;Itaquaquecetuba;0.372;0.714;370918.05100032;3523107;1.1682724315106452;0.1348006651743052;7.992374922270096;0.4348408554009845;6.748730075823279;0.23481406191653167
267;Itararé;0.312;0.703;48984.5539404;3523206;0.14079033428637597;0.0;9.878031518479604;0.5926818911087763;19.887770123872272;0.3292677172826534
268;Itariri;0.338;0.677;17282.724986880003;3523305;2.1697967206252327;0.7232655735417443;6.719370489678141;0.0;21.46465573091628;0.5599475408065118
269;Itatiba;0.178;0.778;118375.83272515002;3523404;0.28158900821190475;0.03519862602648809;18.7211272878947;0.19075384427258066;20.49241298471152;0.027250549181797232
270;Itatinga;0.303;0.705;20565.361749920005;3523503;0.22102477946794333;0.0;15.058204330203106;0.31371259021256465;5.646826623826165;0.0
271;Itirapina;0.274;0.724;17185.2880336;3523602;0.8312758132295145;0.0;12.388691152001151;0.7508297667879485;18.39532928630474;0.5631223250909615
272;Itirapuã;0.198;0.707;6279.919650839999;3523701;;;1.5410100595067746;0.0;3.082020119013549;0.0
273;Itobi;0.191;0.717;7608.15846144;3523800;;;67.83889095816447;0.8479861369770558;2.5439584109311677;0.0
274;Itu;0.209;0.773;170031.25558188002;3523909;0.44616543414857746;0.06084074102026057;14.24785482451887;0.3984087234552547;28.875146528518933;0.3225213475590157
275;Itupeva;0.179;0.762;59538.96249125;3524006;0.22394299086573494;0.055985747716433734;26.223001833632832;0.379258290982293;19.558891863515395;0.5417975585461329
276;Ituverava;0.278;0.765;40286.367456;3524105;0.6205573145135144;0.0;7.766975420362694;0.24021573465039264;5.925321454709685;0.16014382310026173
277;Jaborandi;0.201;0.711;6681.337662160001;3524204;3.3260139429980597;0.0;9.173361036333358;0.4828084755964925;8.207744085140371;0.0
278;Jaboticabal;0.196;0.778;74298.07120736002;3524303;0.8171717613615697;0.19227570855566345;9.638595196629065;0.5210051457637332;11.114776442959641;0.1302512864409333
279;Jacareí;0.219;0.777;228249.86190975003;3524402;0.6476502799154908;0.01904853764457326;12.874968040862694;0.5935770117631538;26.85229338928553;0.2685229338928553
280;Jaci;0.171;0.723;7000.976367280002;3524501;7.141860988658907;0.0;37.32198323105622;0.9215304501495364;8.754539276420596;0.4607652250747682
281;Jacupiranga;0.263;0.716;17198.439171949998;3524600;;;22.507668883400104;0.75025562944667;17.443443384635078;0.5626917220850026
282;Jaguariúna;0.197;0.784;55365.61636298;3524709;0.36123502841328287;0.0;22.315002561659252;0.4661097140816553;12.526698565944487;0.17479114278062077
283;Jales;0.174;0.777;47267.231804999996;3524808;0.36793574922207334;0.0;40.19698060251151;0.8871999114306446;20.473844109937954;0.545969176265012
284;Jambeiro;0.177;0.756;6250.977921760001;3524907;;;10.320965749642761;1.032096574964276;13.417255474535592;0.0
285;Jandira;0.304;0.76;123774.65750988002;3525003;1.2118797419255762;0.1077226437267179;10.763577062693829;0.6254863184132007;13.187336546544982;0.1824335095371835
286;Jardinópolis;0.235;0.735;43038.380121240014;3525102;0.8560290875114935;0.12228986964449907;12.14220060534736;1.1992296894170231;10.868019060341775;0.0
287;Jarinu;0.235;0.733;29968.823751219992;3525201;0.47668585208095565;0.47668585208095565;12.055538968757073;0.3229162223774216;13.670120080644182;0.3229162223774216
288;Jaú;0.161;0.778;147878.200448;3525300;0.3264569214577458;0.0;14.89892221961652;0.39265095161507674;15.749665948115853;0.41446489337146986
289;Jeriquara;0.231;0.703;3140.22833184;3525409;;;29.790313700519988;0.0;1.0272521965696548;0.0
290;Joanópolis;0.274;0.698;12688.203125000002;3525508;0.6853336196028973;0.0;13.983016593510726;0.0;9.915229948125788;0.0
291;João Ramalho;0.336;0.741;4384.69917696;3525607;;;21.335189330282212;0.7356961838028349;10.29974657323969;0.7356961838028349
292;José Bonifácio;0.19;0.777;36022.802157000006;3525706;0.3084466073095866;0.0;33.043586544359265;0.44774507512681927;29.192978898268613;0.35819606010145544
293;Júlio Mesquita;0.296;0.716;4636.27565937;3525805;;;1.3915507569501342;0.0;6.957753784750672;0.0
294;Jumirim;0.143;0.741;3321.101978999999;3525854;;;27.19656945685175;0.0;34.967017873095116;0.0
295;Jundiaí;0.203;0.821;408357.33825541;3525904;1.2407433862490511;0.12244178153773531;27.42695906445271;0.4976665959275694;21.74724029505712;0.44237030749117273
296;Junqueirópolis;0.19;0.745;20076.142101999994;3526001;0.7663133338293497;0.0;5.94510828341802;0.16067860225454106;13.175645384872368;0.48203580676362323
297;Juquiá;0.317;0.7;18779.09849208;3526100;0.7607241791579729;0.0;18.380077748042638;0.6871057102072013;22.502712009285844;0.515329282655401
298;Juquitiba;0.37;0.709;30383.4319996;3526209;0.9403621214287021;0.7052715910715266;39.81371885081199;0.3185097508064959;19.32292488226075;0.21233983387099725
299;Lagoinha;0.313;0.693;4813.183204500001;3526308;;;19.4358666857544;0.0;2.010606898526318;0.0
300;Laranjal Paulista;0.199;0.729;27870.752919270002;3526407;0.7799979605054748;0.3119991842021899;26.736317188165078;0.0;8.680622463689962;0.23148326569839894
301;Lavínia;0.309;0.721;8499.203808479999;3526506;;;24.67024254032302;0.0;17.45894087469014;0.759084385856093
302;Lavrinhas;0.297;0.729;7171.37643475;3526605;3.9840927095921708;1.9920463547960854;13.944324483572599;0.0;12.59487372709783;0.0
303;Leme;0.303;0.744;101105.26789348;3526704;0.34908287552576517;0.17454143776288258;21.185201607176545;0.5742976339294847;7.91254517858401;0.19143254464316156
304;Lençóis Paulista;0.183;0.764;66423.20327516;3526803;0.25091633412535863;0.05018326682507174;27.05039963377254;0.38851561412958757;33.41234281514454;0.09712890353239689
305;Limeira;0.17;0.775;296724.11984448007;3526902;0.39318228234298697;0.011233779495513914;21.68844202601638;0.728383767289773;6.120597925136452;0.09784259560608893
306;Lindóia;0.19;0.742;7761.30107256;3527009;12.884437681917658;0.0;14.96257279190438;0.0;9.559421505938907;0.4156270219973438
307;Lins;0.181;0.786;75202.23441041002;3527108;1.2515272690593766;0.23466136294863313;45.511688209725754;0.3431607028066032;18.273307424451623;0.30026561495577786
308;Lorena;0.207;0.766;86682.28319438998;3527207;0.5047167470414701;0.0;12.503950378317711;0.22328482818424483;9.452391059799698;0.037214138030707465
309;Lourdes;0.21;0.741;2185.31949624;3527256;;;26.57026408675549;1.476125782597527;2.952251565195054;0.0
310;Louveira;0.133;0.778;48754.84802499999;3527306;0.6153234235212244;0.0;14.35754654882857;0.33081904490388403;11.84332180755905;0.13232761796155362
311;Lucélia;0.196;0.752;21039.67967616;3527405;2.3764620360002366;1.1882310180001183;2.6064422330325177;0.0;3.8330032838713493;0.0
312;Lucianópolis;0.269;0.733;2258.7080121599997;3527504;;;14.281644348213332;0.0;0.0;0.0
313;Luís Antônio;0.258;0.732;14300.483584240003;3527603;;;12.632101580774826;0.22557324251383615;11.278662125691808;0.0
314;Luiziânia;0.329;0.702;5761.68417783;3527702;;;7.838209962349855;0.5598721401678468;8.957954242685549;0.0
315;Lupércio;0.253;0.724;4421.11368192;3527801;;;2.9185464873294102;0.0;11.674185949317641;0.0
316;Lutécia;0.269;0.72;2618.57330325;3527900;;;3.6956839599745925;0.0;4.927578613299456;0.0
317;Macatuba;0.273;0.77;16939.05062481;3528007;0.3279732541455741;0.0;30.46977328836301;0.5713082491568066;43.9907351850741;0.5713082491568066
318;Macaubal;0.289;0.743;7759.041767820001;3528106;;;9.977953097223963;0.8314960914353302;16.629921828706603;0.0
319;Macedônia;0.269;0.74;3573.06744375;3528205;3.498394641798594;0.0;37.91808385949444;0.9028115204641532;8.12530368417738;0.9028115204641532
320;Magda;0.181;0.753;3087.6483055999997;3528304;;;12.536945140140459;1.0447454283450381;8.357963426760305;0.0
321;Mairinque;0.245;0.743;46374.488867999986;3528403;0.8879121170572835;0.0;5.008315351512051;0.06955993543766736;21.215780308488547;0.06955993543766736
322;Mairiporã;0.226;0.788;99003.74238088;3528502;1.0437315888100156;0.13467504371742134;11.273604466022851;0.45615740613965294;17.69239082384511;0.4235747342725349
323;Manduri;0.211;0.739;9535.65869064;3528601;;;8.118930988448954;0.0;24.01850417416149;0.33828879118537303
324;Marabá Paulista;0.303;0.677;4931.5227574499995;3528700;;;14.39063458204135;0.0;9.15767655220813;0.0
325;Maracaí;0.233;0.771;13526.795638440002;3528809;;;8.34663499207506;0.23847528548785882;5.723406851708613;0.0
326;Marapoama;0.144;0.752;2913.98254056;3528858;;;23.247200194566897;0.0;14.391123929969982;0.0
327;Mariápolis;0.313;0.718;3975.9009190000006;3528908;;;8.113397484825256;0.0;32.453589939301025;0.0
328;Marília;0.191;0.799;231838.69337107;3529005;0.18485759315658215;0.015404799429715179;11.437318183042729;0.15305413626942824;28.718521569099988;0.3200222849269863
329;Marinópolis;0.146;0.731;2094.64454272;3529104;;;23.100385667995248;0.0;4.620077133599049;0.0
330;Martinópolis;0.277;0.721;25684.41481704;3529203;1.112403329994235;0.0;13.061768132835535;0.6279696217709392;9.41954432656409;0.12559392435418784
331;Matão;0.249;0.774;80121.80675092;3529302;0.24961993258808218;0.0;9.340616832328235;0.16104511779876268;4.348218180566593;0.12078383834907204
332;Mauá;0.314;0.766;461031.1347;3529401;1.5906373304061654;0.14460339367328776;11.195101445673892;0.6017367027049718;13.280189089930657;0.419816304212771
333;Mendonça;0.231;0.744;5055.86615475;3529500;;;27.435393496134534;1.9140972206605487;7.656388882642195;0.0
334;Meridiano;0.173;0.731;3738.71175282;3529609;;;65.57373409107099;0.8628122906719867;13.804996650751788;0.0
335;Mesópolis;0.281;0.725;1891.5123023999997;3529658;;;10.232467790518465;0.0;8.52705649209872;0.0
336;Miguelópolis;0.322;0.741;21442.14403578;3529708;0.4239738841292786;0.0;29.486699812345954;0.30088469196271383;2.557519881683067;0.6017693839254277
337;Mineiros do Tietê;0.186;0.73;12602.144624919998;3529807;2.2671878019024043;0.5667969504756011;19.19796122578649;0.25597281634381985;21.24574375653705;0.0
338;Mira Estrela;0.198;0.743;2940.54583824;3530003;;;16.45514113228536;0.0;13.164112905828286;0.0
339;Miracatu;0.322;0.697;19839.40888419;3529906;2.5202363786072746;1.2601181893036373;11.381712677581241;0.1625958953940177;21.1374664012223;0.6503835815760708
340;Mirandópolis;0.27;0.75;28677.38084632;3530102;2.2190437814870987;0.6340125089963141;13.610816927001514;0.22497218061159527;9.673803766298597;0.11248609030579763
341;Mirante do Paranapanema;0.356;0.724;17778.89522754;3530201;;;6.350407286925309;0.18144020819786594;17.78114040339086;0.18144020819786594
342;Mirassol;0.181;0.761;57898.14603398002;3530300;0.6908684084033413;0.0;33.15054056451517;0.3342911653564555;20.057469921387327;0.22286077690430361
343;Mirassolândia;0.274;0.738;4706.417521440001;3530409;;;30.157860670963252;0.6854059243400737;15.764336259821699;0.0
344;Mococa;0.213;0.763;66748.34966094999;3530508;0.3256879090675215;0.0651375818135043;13.48347943539539;0.2899672996859224;3.817902779197978;0.0
345;Mogi das Cruzes;0.295;0.783;433460.80432128004;3530607;1.7994706608394193;0.16149095674199918;18.23284995474184;0.6102423250158494;12.070890867996436;0.5283805497088453
346;Mogi Guaçu;0.216;0.774;148519.084342;3530706;0.5162075096700954;0.022443804768265015;10.968504588361773;0.39095659918913256;20.894458245552524;0.3257971659909438
347;Mogi Mirim;0.195;0.784;90547.45919449998;3530805;0.5521966098750244;0.0;19.807826780033132;0.21375352640323528;11.720818364444066;0.24937911413710778
348;Mombuca;0.293;0.719;3333.29328;3530904;;;8.709782076096266;0.0;5.806521384064177;0.0
349;Monções;0.262;0.772;2177.684676;3531001;;;13.331708848612081;1.48130098317912;16.294310814970324;0.0
350;Mongaguá;0.273;0.754;54775.51476169999;3531100;1.2886822807820364;0.1073901900651697;13.95726050879254;0.235565578207469;11.36603914851038;0.471131156414938
351;Monte Alegre do Sul;0.14;0.759;7766.301791620001;3531209;;;11.21470379731156;0.0;9.553266197709847;0.0
352;Monte Alto;0.167;0.768;48473.30786508;3531308;1.117453482181028;0.08595796016777138;22.959093877069265;0.4658366873608256;11.779013380409449;0.19964429458321098
353;Monte Aprazível;0.174;0.785;23273.816723999997;3531407;;;30.076717037913205;0.6930119133159724;13.028623970340282;0.831614295979167
354;Monte Azul Paulista;0.259;0.752;18408.41334;3531506;0.9053831179709193;0.0;8.236065782832235;0.0;14.719777143785272;0.0
355;Monte Castelo;0.237;0.741;4017.0200039999995;3531605;;;36.136561475430646;0.8030346994540143;26.500145081982474;0.8030346994540143
356;Monte Mor;0.326;0.732;57652.921691999996;3531803;0.6504440520870177;0.21681468402900592;25.514192494768178;0.6714261182833732;10.407104833392284;0.1678565295708433
357;Monteiro Lobato;0.333;0.71;4415.609592;3531704;;;15.3414685045079;0.0;4.383276715573685;0.0
358;Morro Agudo;0.301;0.712;32371.516562559995;3531902;0.38614193362992316;0.0;46.53633109810945;0.5978971875560101;17.737616564161634;0.19929906251867
359;Morungaba;0.228;0.715;13270.857951999998;3532009;3.29669718101433;0.0;6.806084502739262;0.0;7.77838228884487;0.2430744465264022
360;Motuca;0.229;0.741;4641.47535129;3532058;;;9.034947015136613;2.0849877727238337;3.4749796212063893;0.0
361;Murutinga do Sul;0.206;0.726;4283.63695656;3532108;;;6.777478660990604;0.0;19.5793827984173;0.0
362;Nantes;0.239;0.713;3077.2915199999993;3532157;;;10.482615737403078;0.0;20.965231474806156;0.0
363;Narandiba;0.329;0.718;4843.99934783;3532207;;;21.310037231498736;0.0;34.62881050118545;0.6659386634843355
364;Natividade da Serra;0.344;0.655;6694.014602099999;3532306;;;8.67409463236257;0.0;2.8913648774541896;0.0
365;Nazaré Paulista;0.307;0.678;18469.279628840002;3532405;2.7071981693278606;0.541439633865572;13.797977766251677;0.3493158928164981;7.51029169555471;0.0
366;Neves Paulista;0.169;0.754;8627.85565516;3532504;;;25.424027415026284;0.3738827561033277;13.4597792197198;0.3738827561033277
367;Nhandeara;0.263;0.751;10799.948283319998;3532603;0.5446649175405295;0.5446649175405295;14.635673429395519;0.2986872128448065;32.55690620008391;1.194748851379226
368;Nipoã;0.189;0.713;4993.312965880001;3532702;;;31.655239158672604;0.6460252889525021;7.106278178477525;0.0
369;Nova Aliança;0.197;0.737;6460.509719580001;3532801;;;34.9518012376867;0.4993114462526671;26.96281809764403;1.4979343387580015
370;Nova Campina;0.352;0.651;9671.642824999999;3532827;;;3.668856636849794;0.0;8.004778116763188;0.3335324215317994
371;Nova Canaã Paulista;0.195;0.715;1935.4805568;3532843;;;43.33340753399372;0.0;13.33335616430576;0.0
372;Nova Castilho;0.178;0.755;1177.5266317499998;3532868;;;21.91581142801888;0.0;8.218429285507082;0.0
373;Nova Europa;0.247;0.765;10774.996615519998;3532900;;;17.064596333802367;0.0;2.6944099474424794;0.0
374;Nova Granada;0.231;0.739;20941.766360319998;3533007;;;42.20613259331719;0.616147921070324;16.327919908363587;0.770184901337905
375;Nova Guataporanga;0.286;0.727;2192.0656726099996;3533106;45.61907120279578;0.0;13.244246478231036;0.0;2.9431658840513406;0.0
376;Nova Independência;0.166;0.735;3753.45866407;3533205;;;34.37689598121274;0.8594223995303185;1.718844799060637;0.0
377;Nova Luzitânia;0.199;0.743;4066.959576;3533304;;;22.20887101464548;0.0;2.379521894426302;0.0
378;Nova Odessa;0.177;0.791;58218.03774943;3533403;0.4580481874267182;0.11451204685667955;16.78894364398737;0.5540905493065139;29.255981003383937;0.38786338451455976
379;Novais;0.324;0.719;5540.545594909999;3533254;;;11.062145691383082;1.1644363885666402;0.0;0.0
380;Novo Horizonte;0.211;0.753;38998.428323839995;3533502;0.8547353000109608;0.0;22.829704142228245;0.16543263871179886;16.37783123246809;0.4135815967794972
381;Nuporanga;0.168;0.746;7276.682481749998;3533601;;;8.866145966113711;0.4433072983056856;0.8866145966113712;0.0
382;Ocauçu;0.249;0.717;4144.682263680001;3533700;;;11.674500889540175;0.0;9.339600711632139;0.7783000593026782
383;Óleo;0.242;0.731;2521.0128495;3533809;;;2.559135271565702;0.0;0.0;0.0
384;Olímpia;0.2;0.773;52566.38884054999;3533908;0.41355571334230457;0.0;70.50991507417473;1.6568909547456203;32.5855221099972;0.061366331657245185
385;Onda Verde;0.195;0.738;4230.842399639999;3534005;;;51.84661067222505;0.0;33.547806905557394;0.762450156944486
386;Oriente;0.195;0.77;6265.9424510399995;3534104;;;19.048186229330486;0.0;8.751869348611303;0.0
387;Orindiúva;0.131;0.767;6901.484860000001;3534203;;;54.21928120944927;0.46740759663318343;19.16371146196052;0.0
388;Orlândia;0.201;0.78;42320.939230439995;3534302;0.3500587435961021;0.0;20.198954116371862;0.8384471520003415;7.62224683636674;0.0
389;Osasco;0.308;0.777;680599.5388775;3534401;3.5703814963021476;0.35752791389582544;12.583781856739947;0.5261016143495797;13.413221338822616;0.45974645578296597
390;Oscar Bressane;0.172;0.749;2513.4696395799997;3534500;;;7.700446587813812;0.0;25.668155292712704;0.0
391;Osvaldo Cruz;0.199;0.761;31278.699764100005;3534609;;;9.1786671555658;0.3093932749067123;7.837962964303378;0.2062621832711415
392;Ourinhos;0.188;0.778;110596.90745763003;3534708;0.8180716129956178;0.12916920205193966;20.00872607269078;0.23333791338414903;25.229661884661116;0.320839630903205
393;Ouro Verde;0.354;0.692;8270.73773694;3534807;;;4.2902909143471675;0.0;14.040952083318004;0.0
394;Ouroeste;0.19;0.77;9812.250978750002;3534757;;;26.957741868314418;0.0;10.191341438021304;0.3287529496135904
395;Pacaembu;0.301;0.725;13058.6028496;3534906;;;10.869117125750968;0.0;12.598294850302258;0.24702538922161288
396;Palestina;0.345;0.732;12197.60403048;3535002;;;12.429728235721402;0.2644623028876894;9.78510520684451;0.0
397;Palmares Paulista;0.256;0.722;13043.77317426;3535101;;;45.009735016866045;1.2365311817820344;10.38686192696909;0.0
398;Palmeira d'Oeste;0.209;0.753;9113.03156403;3535200;;;16.99091115722483;0.3539773157755172;21.23863894653104;0.0
399;Palmital;0.192;0.746;21609.178092;3535309;0.5784579101889888;0.0;16.122181754944723;0.0;13.13659254106607;0.29855892138786516
400;Panorama;0.27;0.722;15204.92117592;3535408;;;5.091730101259488;0.212155420885812;7.8497505727750445;0.424310841771624
401;Paraguaçu Paulista;0.254;0.762;44207.19519299999;3535507;;;7.515927284360727;0.21891050342798235;19.11818396604379;0.4378210068559647
402;Paraibuna;0.236;0.718;18233.7921024;3535606;2.7421613518023396;0.0;9.907163593608452;1.4153090848012073;9.376422686807999;0.0
403;Paraíso;0.24;0.749;6279.14320488;3535705;;;36.475081168162845;0.0;7.192269526116616;0.0
404;Paranapanema;0.25;0.717;19972.42060752;3535804;5.006904369035172;0.0;12.436504400506717;0.0;16.47433050456734;0.6460521766496995
405;Paranapuã;0.179;0.732;3895.30890639;3535903;;;25.67190495109554;1.6562519323287443;17.390645289451818;0.0
406;Parapuã;0.226;0.737;10501.46662656;3536000;;;2.150237292015957;0.0;13.515777264100302;0.0
407;Pardinho;0.194;0.727;6399.02327944;3536109;;;27.72600553099351;0.0;35.79175259455526;1.512327574417828
408;Pariquera-Açu;0.227;0.736;19258.561448059998;3536208;5.7694398104851095;0.19231466034950365;24.287480492526026;0.5024995963970902;16.749986546569673;1.172499058259877
409;Parisi;0.166;0.721;2056.51688292;3536257;16.208635878546307;0.0;65.88026195796242;1.5685776656657717;23.52866498498658;0.0
410;Patrocínio Paulista;0.257;0.73;14481.811655359996;3536307;;;8.909952783204359;0.22274881958010898;3.5639811132817436;0.0
411;Paulicéia;0.236;0.711;7159.54729392;3536406;;;8.56064218371654;0.0;6.7584017239867435;0.4505601149324495
412;Paulínia;0.211;0.795;106085.89368235003;3536505;0.4713161973232141;0.03142107982154761;49.503404467238234;0.9730398912479259;20.88995016522891;0.06081499320299537
413;Paulistânia;0.216;0.718;1769.8742379199998;3536570;4.035799261789134;4.035799261789134;3.645238042906315;0.0;3.645238042906315;0.0
414;Paulo de Faria;0.283;0.725;8514.36065792;3536604;;;39.40212124508458;0.3788665504335055;9.092797210404134;0.0
415;Pederneiras;0.3;0.739;45629.765943750004;3536703;0.2739439868135495;0.2739439868135495;10.745673805331489;0.21208566721048994;20.430919274610527;0.6362570016314698
416;Pedra Bela;0.222;0.677;5968.0127232;3536802;1.5958091856585273;0.7979045928292636;11.350836304442108;0.0;6.486192173966918;0.0
417;Pedranópolis;0.18;0.742;2418.17896125;3536901;;;10.671853500686899;0.0;42.687414002747595;1.3339816875858623
418;Pedregulho;0.244;0.715;16286.857126230003;3537008;;;8.714725178154875;0.0;1.5844954869372496;0.1980619358671562
419;Pedreira;0.137;0.769;46673.24698050001;3537107;;;18.038931043788892;0.20734403498607923;10.712775140947427;0.2764587133147723
420;Pedrinhas Paulista;0.135;0.774;3011.40286272;3537156;;;8.56957796393737;0.0;26.77993113730428;0.0
421;Pedro de Toledo;0.277;0.696;10974.639374640003;3537206;3.037305572915625;0.0;7.9361855292311505;0.0;6.760454339715424;0.29393279737893147
422;Penápolis;0.197;0.759;60833.741706019995;3537305;0.054794152716131105;0.10958830543226221;19.88497477601532;0.4772393946243677;20.627347167653223;0.31815959641624514
423;Pereira Barreto;0.223;0.767;25400.14075746;3537404;;;10.159964017256042;0.0;6.857975711647829;0.12699955021570053
424;Pereiras;0.187;0.736;8447.2875;3537503;;;8.783121018089744;0.0;10.310620325583614;0.38187482687346713
425;Peruíbe;0.244;0.749;66248.77231871999;3537602;1.194990697877377;0.06289424725670405;19.671697464548473;0.19476928182721256;18.11354320993077;0.681692486395244
426;Piacatu;0.313;0.732;5899.682411999999;3537701;;;41.55499791377256;0.0;36.087235030381436;0.5467762883391126
427;Piedade;0.265;0.716;53517.8300467;3537800;1.149868398714273;0.0;12.6578255181047;0.12055071922004475;9.704332897213602;0.42192751727015665
428;Pilar do Sul;0.255;0.69;28241.668749629996;3537909;1.0414315445247082;0.0;8.909278890579117;0.0;15.191462723679775;0.9137721939055504
429;Pindamonhangaba;0.216;0.773;164024.10051785997;3538006;0.2794304811831156;0.02540277101664687;16.85432884743203;0.11799996859345645;10.737997142004536;0.13766663002569918
430;Pindorama;0.302;0.737;16303.57581809;3538105;1.6000757633054805;0.0;38.18675437265069;0.9892941547318831;2.176447140410143;0.1978588309463766
431;Pinhalzinho;0.246;0.725;14784.391735529998;3538204;1.127315006583136;0.0;14.618730085368414;0.0;6.763890039498818;0.0
432;Piquerobi;0.274;0.711;3533.29323534;3538303;18.868138653159786;0.0;23.737335724942962;0.0;17.346514568227548;0.0
433;Piquete;0.269;0.756;13624.876180080002;3538501;;;16.80985977688139;0.4735171768135601;11.364412243525445;0.0
434;Piracaia;0.265;0.739;26288.192775679996;3538600;1.0143971057355;0.253599276433875;17.915561786780202;0.0;20.12432967830105;0.0
435;Piracicaba;0.24;0.786;390410.91756719997;3538709;0.7257310709928194;0.07684211339923969;27.34918229585843;0.7518959483151411;30.348503496280365;0.322241120706489
436;Piraju;0.212;0.759;28593.861371359995;3538808;3.20581629309014;0.0;3.3844394883063074;0.11281464961021022;15.4556069965988;0.11281464961021022
437;Pirajuí;0.248;0.749;23315.139993749995;3538907;0.0;0.0;23.659000262219116;0.6917836333982196;8.301403600778636;0.0
438;Pirangi;0.18;0.756;10833.048559120001;3539004;;;38.7106950016056;1.4888728846771384;1.1910983077417108;0.0
439;Pirapora do Bom Jesus;0.334;0.727;18863.47612928;3539103;13.25312462489077;0.0;32.6625393981179;0.17100805967600993;13.509636714404786;0.0
440;Pirapozinho;0.304;0.776;27240.455949090003;3539202;;;21.197125184609806;0.4736787750750794;18.947151003003178;0.7105181626126192
441;Pirassununga;0.184;0.801;73773.77483227002;3539301;1.863805943407615;0.0;16.222217126198828;0.2623539157875822;15.347704073573556;0.1311769578937911
442;Piratininga;0.201;0.779;13227.060019680004;3539400;2.3625809479585334;0.0;15.608276714255084;0.24387932366023568;9.267414299088957;0.0
443;Pitangueiras;0.265;0.723;38619.884653999994;3539509;0.32366746073917474;0.32366746073917474;26.22750520570345;0.6682166931389414;9.772669137157019;0.25058125992710306
444;Planalto;0.19;0.719;5182.04073231;3539608;;;24.899892673556305;0.0;12.449946336778153;0.6224973168389076
445;Platina;0.274;0.719;3503.95707004;3539707;;;3.682472572731695;0.0;10.126799575012164;1.8412362863658476
446;Poá;0.302;0.771;115706.31799110999;3539806;1.6132798096730443;0.20165997620913054;14.692369695236653;0.5854644470587661;15.445109698597925;0.36243037198876
447;Poloni;0.184;0.766;5671.290374999999;3539905;;;10.238325370358465;0.5687958539088035;27.870996841531372;0.0
448;Pompéia;0.159;0.785;21301.239390749997;3540002;;;9.389125033111897;0.0;7.269000025635017;0.30287500106812565
449;Pongaí;0.189;0.755;3341.7808272800003;3540101;;;35.715938560466505;0.0;4.826478183846825;0.0
450;Pontal;0.286;0.725;49654.58766188999;3540200;0.4738617894669329;0.11846544736673323;21.633319275583123;0.7795790729939865;8.575369802933851;0.12992984549899772
451;Pontalinda;0.342;0.702;4495.83984036;3540259;;;15.067693220683456;0.0;8.610110411819118;0.0
452;Pontes Gestal;0.192;0.732;2526.0196038399995;3540309;;;83.00704358592138;0.0;12.770314397834058;1.2770314397834057
453;Populina;0.282;0.714;3991.9122003199996;3540408;5.7809194989491965;0.0;8.88894073494339;0.0;7.27276969222641;0.0
454;Porangaba;0.264;0.703;9331.167095120001;3540507;;;2.7656188502292967;0.0;4.494130631622608;0.3457023562786621
455;Porto Feliz;0.221;0.758;51733.76043101;3540606;0.5798921197697731;0.0;18.14501148957032;0.18706197411928166;27.934588135146058;0.3117699568654694
456;Porto Ferreira;0.225;0.751;54165.96233328001;3540705;0.2637396931640412;0.08791323105468041;27.275788912384392;0.47643299410278417;5.657641804970562;0.17866237278854408
457;Potim;0.247;0.698;20712.84726816;3540754;;;16.041158427643094;0.3114788044202542;12.770630981230426;0.1557394022101271
458;Potirendaba;0.184;0.747;16638.284649420006;3540804;;;30.0511747776493;0.5816356408577285;22.10215435259368;0.0
459;Pracinha;0.328;0.696;2913.5131187499996;3540853;;;0.0;0.0;2.2143757862994544;0.0
460;Pradópolis;0.272;0.733;21020.607188079997;3540903;1.1893091277675636;0.0;46.03777268777666;0.9207554537555331;6.445288176288732;0.0
461;Praia Grande;0.319;0.754;318203.07566652005;3541000;1.477044176947443;0.28283824664951035;15.926124927827267;0.2838520038059602;7.633591388067429;0.20275143128997156
462;Pratânia;0.207;0.701;5157.606182400001;3541059;2.42360497446576;0.0;11.883482455445016;0.0;1.250892890046844;0.0
463;Presidente Alves;0.272;0.735;4015.0400833599997;3541109;4.15105859982327;0.0;31.333797172859523;0.8034306967399877;10.444599057619842;0.0
464;Presidente Bernardes;0.237;0.756;13727.413699999996;3541208;;;15.039367022443992;0.7049703291770621;15.509347241895368;0.0
465;Presidente Epitácio;0.259;0.75;42393.589896239995;3541307;1.1794235902733643;0.0;15.52273628488815;0.22827553360129635;14.837909684084261;0.3804592226688272
466;Presidente Prudente;0.178;0.806;221350.31476223998;3541406;0.41248799634263045;0.039284571080250526;20.737818175572894;0.6557988881945047;32.44018500268817;0.4954924933025146
467;Presidente Venceslau;0.214;0.763;38022.80342;3541505;1.1572003125065733;0.6312001704581309;11.538067632030348;0.08483873258845845;13.913552144507186;0.5938711281192092
468;Promissão;0.207;0.743;39717.19094671999;3541604;0.35968591799149024;0.0;51.89919713470761;0.08121940083678812;21.279483019238487;0.4060970041839406
469;Quadra;0.188;0.678;3717.22344736;3541653;;;3.4711999397333995;0.0;23.43059959320045;0.0
470;Quatá;0.306;0.738;13946.825991599997;3541703;2.151027052181524;0.0;8.78914279385999;0.46258646283473626;9.251729256694725;0.0
471;Queiroz;0.246;0.715;3284.3774041200004;3541802;;;4.9108340100720085;0.0;8.839501218129618;0.0
472;Queluz;0.3;0.722;12688.423223840002;3541901;;;27.457083565719707;0.7626967657144362;3.050787062857745;0.0
473;Quintana;0.308;0.732;6507.14870083;3542008;2.7941298128778054;0.0;15.863446679564312;0.0;4.461594378627463;0.0
474;Rafard;0.196;0.745;8967.85807252;3542107;;;11.870349869766896;0.0;10.431519582522423;0.35970757181111807
475;Rancharia;0.191;0.751;28833.76588828;3542206;0.7431762993290257;0.24772543310967524;36.919080676345146;0.8950080163962459;11.411352209052136;0.3356280061485923
476;Redenção da Serra;0.355;0.657;3833.321841;3542305;;;3.36606899750571;0.0;0.8415172493764275;0.0
477;Regente Feijó;0.161;0.768;19503.100880820002;3542404;1.709129924365742;0.0;5.623588783396958;0.16539967009991052;6.450587133896511;0.4961990102997317
478;Reginópolis;0.232;0.728;7216.09835072;3542503;;;4.9173208627625575;0.0;11.175729233551266;0.0
479;Registro;0.239;0.754;54122.17394133;3542602;1.4517419173997383;0.39592961383629227;29.50314219231726;0.8344323044291752;30.99319987879793;0.8344323044291752
480;Restinga;0.219;0.705;7501.750097490001;3542701;;;7.310122166795152;0.0;3.8700646765386106;0.43000718628206774
481;Ribeira;0.316;0.699;3234.2408982500006;3542800;;;14.960882103857845;0.9973921402571895;47.8748227323451;0.9973921402571895
482;Ribeirão Bonito;0.248;0.712;12962.97358799;3542909;;;14.682015615729735;0.4976954446010079;11.198147503522678;0.4976954446010079
483;Ribeirão Branco;0.397;0.639;17589.7767276;3543006;1.8950401616542534;0.0;12.103804903469102;0.1833909833858955;15.771624571187015;0.366781966771791
484;Ribeirão Corrente;0.213;0.711;4669.011936269999;3543105;;;14.827713052727088;0.0;1.381794047924388;0.0
485;Ribeirão do Sul;0.164;0.747;4353.533484;3543204;;;7.409628209977731;0.740962820997773;18.524070524944328;0.0
486;Ribeirão dos Índios;0.33;0.721;2138.98787268;3543238;;;1.5080994580727551;0.0;3.0161989161455103;0.0
487;Ribeirão Grande;0.286;0.705;7510.993989920001;3543253;;;4.294779700186208;0.0;11.166427220484142;1.2884339100558626
488;Ribeirão Pires;0.295;0.784;119146.52527568002;3543303;1.7345589070976553;0.13988378283045602;8.338878408731702;0.2165942443826416;17.489985233898313;0.4331884887652832
489;Ribeirão Preto;0.235;0.8;686014.059375;3543402;0.5199115991756954;0.03401290835728848;30.404718724178892;0.9122356066332671;15.531516539740625;0.27743247830599366
490;Rifaina;0.194;0.74;3466.923459999999;3543600;;;31.63537373127895;0.930452168567028;5.582713011402168;0.0
491;Rincão;0.225;0.733;10492.76830464;3543709;0.5606102003200851;0.5606102003200851;11.374961806494632;0.6148628003510611;1.2297256007021222;0.30743140017553056
492;Rinópolis;0.332;0.723;9714.116423880001;3543808;0.6433935653309405;0.0;5.6452596700005095;0.0;4.649037375294538;0.0
493;Rio Claro;0.159;0.803;201436.0143972;3543907;0.2978613341787506;0.1323828151905558;21.426799200600446;0.5604917578632403;7.766814358962044;0.25622480359462413
494;Rio das Pedras;0.24;0.759;34552.935889570006;3544004;1.4470550392533439;0.0;21.098996056210048;1.307017454809472;8.122179897744576;0.09335838962924799
495;Rio Grande da Serra;0.32;0.748;49891.505635919995;3544103;2.004349211862706;0.0;9.827776780746172;0.3232821309455977;5.495796226075161;0.3879385571347173
496;Riolândia;0.369;0.703;11436.816384000002;3544202;;;44.5646237765846;0.28205458086445945;11.000128653713919;0.0
497;Riversul;0.374;0.664;5689.19919436;3543501;;;2.26802145005632;0.0;6.23705898765488;0.0
498;Rosana;0.31;0.764;18328.678812;3544251;;;8.623890338759473;0.0;14.607814247286456;0.7039910480619979
499;Roseira;0.202;0.737;10659.36989975;3544301;;;28.446879065405604;0.0;11.197175802340505;0.0
500;Rubiácea;0.166;0.721;3114.6262441600006;3544400;;;5.178480817178896;0.0;7.249873144050454;0.0
501;Rubinéia;0.179;0.759;2993.16704112;3544509;;;14.01040546513438;1.077723497318029;23.709916940996642;0.0
502;Sabino;0.237;0.728;5473.0865719799995;3544608;;;5.893943772290637;1.1787887544581275;7.072732526748766;1.1787887544581275
503;Sagres;0.174;0.73;2356.3882314800003;3544707;;;4.106886643530942;0.0;15.058584359613453;0.0
504;Sales;0.289;0.751;6068.638043119999;3544806;;;12.757286608398045;0.0;5.847089695515772;1.0631072173665037
505;Sales Oliveira;0.186;0.773;11542.497524479999;3544905;;;35.213489285243476;0.558944274368944;11.737829761747825;0.0
506;Salesópolis;0.337;0.733;16839.783187500005;3545001;1.4845796838142928;0.7422898419071464;12.451313477152132;0.5746760066377907;4.022732046464536;0.19155866887926357
507;Salmourão;0.249;0.72;5114.83462213;3545100;;;0.0;0.0;5.045412710168232;0.0
508;Saltinho;0.123;0.791;7891.796240999999;3545159;6.335693227891083;0.0;8.992596839587344;0.0;7.357579232389646;0.0
509;Salto;0.211;0.78;115489.56317896003;3545209;0.3607829618517211;0.0;30.5571530528348;0.4748369304371038;12.3457601913647;0.3631105938636677
510;Salto de Pirapora;0.315;0.729;44297.23026833001;3545308;0.5267447466126417;0.0;24.322499359717373;0.5097529805928791;12.671002660451567;0.5097529805928791
511;Salto Grande;0.306;0.704;9092.313605250001;3545407;10.998300800168057;0.0;6.74089403881268;0.0;10.998300800168057;0.0
512;Sandovalina;0.295;0.709;4217.166977920001;3545506;;;8.414148918818329;0.7649226289834844;56.60427454477785;0.0
513;Santa Adélia;0.161;0.761;14902.56351027;3545605;;;29.654997515455033;0.4329196717584677;8.658393435169353;0.21645983587923384
514;Santa Albertina;0.209;0.727;5674.77160485;3545704;;;32.401474551819554;0.0;44.90730683497798;0.0
515;Santa Bárbara d'Oeste;0.174;0.781;188909.55739136;3545803;0.15124395486374326;0.025207325810623876;37.020617080841426;0.8879483801677831;25.68219930331434;0.5122779116352595
516;Santa Branca;0.264;0.735;14183.720890999995;3546009;0.5222471214945884;0.2611235607472942;15.23782327070501;0.227430198070224;10.461789111230305;0.227430198070224
517;Santa Clara d'Oeste;0.161;0.733;2008.6468265599997;3546108;;;27.301319949478575;0.0;25.695359952450424;3.211919994056303
518;Santa Cruz da Conceição;0.149;0.79;4353.06923;3546207;3.828716196794018;0.0;17.04396242443789;0.0;12.597711357193221;1.4820836890815554
519;Santa Cruz da Esperança;0.35;0.743;2079.54855576;3546256;;;6.204820642784149;0.0;15.512051606960373;0.0
520;Santa Cruz das Palmeiras;0.289;0.728;33790.11502667;3546306;;;48.496717934400266;0.5727958811149638;5.632492830963811;0.0
521;Santa Cruz do Rio Pardo;0.197;0.762;46119.67236070999;3546405;1.5611559300958484;0.0;9.022809811037833;0.06994426210106847;11.40091472247416;0.20983278630320545
522;Santa Ernestina;0.252;0.738;5523.15234048;3546504;;;19.857757417081668;0.5840516887376962;5.840516887376961;0.0
523;Santa Fé do Sul;0.174;0.784;30827.188629270007;3546603;3.2438897105606097;0.0;32.02033069134021;1.0464160356647128;28.985724187912545;0.6278496213988277
524;Santa Gertrudes;0.161;0.737;26266.133386560006;3546702;0.2538122596330795;0.0;48.510891558903104;0.9824990695474045;7.982804940072662;0.49124953477370226
525;Santa Isabel;0.285;0.738;55159.89226910999;3546801;0.8460253410030751;0.3021519075010982;22.281266469274538;0.7602531866156667;19.64962082329723;0.5848101435505128
526;Santa Lúcia;0.31;0.737;8567.74558332;3546900;3.5015045332817882;0.0;7.530117275874813;0.3765058637937406;3.3885527741436663;0.0
527;Santa Maria da Serra;0.248;0.685;6146.376929279999;3547007;16.269747389494096;0.0;8.397288975222759;0.0;4.1986444876113795;0.0
528;Santa Mercedes;0.222;0.739;2810.6242130399996;3547106;;;2.2954377441471183;0.0;6.886313232441355;0.0
529;Santa Rita do Passa Quatro;0.2;0.775;26392.15757672;3547502;0.4736255443937635;0.4736255443937635;12.222594694032605;0.6111297347016302;8.06691249806152;0.2444518938806521
530;Santa Rita d'Oeste;0.121;0.761;2404.8378675199997;3547403;;;18.779349299399314;0.0;18.779349299399314;0.0
531;Santa Rosa de Viterbo;0.261;0.77;25629.111285760006;3547601;;;8.181220839730765;0.1258649359958579;14.348602703527805;0.1258649359958579
532;Santa Salete;0.179;0.772;1441.8458308800002;3547650;;;17.898204551559303;0.0;24.610031258394045;2.237275568944913
533;Santana da Ponte Pensa;0.113;0.773;1506.0666870000002;3547205;;;6.425624733865924;0.0;4.283749822577282;0.0
534;Santana de Parnaíba;0.302;0.814;138879.95627924998;3547304;2.7841790638901465;0.0720046309626762;19.789659864580685;0.4877733065213549;22.530481301224487;0.3716368049686513
535;Santo Anastácio;0.239;0.752;20110.44971731;3547700;;;13.153168265778598;0.16040449104608046;9.945078444856989;0.3208089820921609
536;Santo André;0.268;0.815;694146.5333247599;3547809;2.2809785215660843;0.1344576812712639;16.8738193788926;0.6273659091573949;24.931985945403138;0.8178992593459372
537;Santo Antônio da Alegria;0.201;0.702;6640.526506880001;3547908;1.07564620598332;1.07564620598332;9.715514118559021;0.0;9.22973841263107;0.0
538;Santo Antônio de Posse;0.216;0.702;22888.31336216;3548005;1.4563472985493773;0.0;41.99917693235947;0.2818736706869763;6.06028391976999;0.2818736706869763
539;Santo Antônio do Aracanguá;0.246;0.757;8265.68064;3548054;4.03273907922643;0.0;8.976096660213667;0.3902650721832029;5.4637110105648405;0.0
540;Santo Antônio do Jardim;0.17;0.714;5818.655368;3548104;;;16.07732047703812;0.0;2.771951806385883;0.0
541;Santo Antônio do Pinhal;0.234;0.706;6625.054324639999;3548203;5.031405283630582;0.0;11.1989343409842;0.48691018873844344;30.188431701783497;0.0
542;Santo Expedito;0.322;0.732;2973.78250659;3548302;;;6.50849168249072;0.0;29.28821257120824;1.0847486137484532
543;Santópolis do Aguapeí;0.295;0.74;4675.119211529999;3548401;;;6.899944804952283;0.0;8.969928246437968;0.6899944804952283
544;Santos;0.17;0.839;428525.30736663996;3548500;4.301574029923522;0.36559489946908774;31.706637952583346;0.7377137985168963;35.84686845446389;0.903323018592118
545;São Bento do Sapucaí;0.297;0.719;10522.615783599998;3548609;;;3.372153055616195;0.0;17.47388401546574;0.3065593686923813
546;São Bernardo do Campo;0.278;0.806;813445.187756;3548708;2.6225901455246485;0.1803030725048196;22.564321463762983;0.6265663956545784;17.60730883991347;0.6701881067444541
547;São Caetano do Sul;0.183;0.862;151411.06233648004;3548807;3.434359365661187;0.1761209931108301;21.15582413214366;0.830893394918029;32.12787793683046;1.0652479422026013
548;São Carlos;0.187;0.805;243200.55664354007;3548906;0.2796046231903484;0.04934199232770854;11.380491778810196;0.1724316936183363;23.74251781360169;0.22548759934705512
549;São Francisco;0.297;0.723;2676.8299230000002;3549003;;;46.9982984469586;3.6152537266891236;20.486437784571695;0.0
550;São João da Boa Vista;0.16;0.797;87443.45330544;3549102;0.8836879646417167;0.0;9.001208717640864;0.14756079864985022;16.305468250808453;0.1844509983123128
551;São João das Duas Pontes;0.154;0.72;2474.0898963199998;3549201;;;19.557533801081878;2.6076711734775833;3.9115067602163753;0.0
552;São João de Iracema;0.178;0.749;1852.36435598;3549250;;;26.121802990856075;0.0;5.224360598171215;0.0
553;São João do Pau d'Alho;0.211;0.75;1981.8094481999997;3549300;;;1.627707676206094;0.0;3.255415352412188;0.0
554;São Joaquim da Barra;0.181;0.762;50355.28380129;3549409;0.3971777833468916;0.0;20.94792502490864;0.5124874623830858;8.520104062118802;0.06406093279788573
555;São José da Bela Vista;0.309;0.693;8723.92582152;3549508;;;4.806950990748013;0.3697654608267702;2.2185927649606216;0.3697654608267702
556;São José do Barreiro;0.276;0.684;4067.37256276;3549607;;;13.482588287955457;0.7930934287032622;0.7930934287032622;0.0
557;São José do Rio Pardo;0.196;0.773;53225.130999999994;3549706;0.18788117214779615;0.0;9.272844947939616;0.4848546378007642;5.939469313059361;0.12121365945019105
558;São José do Rio Preto;0.194;0.797;449121.91353456;3549805;0.6382825197965043;0.05937511812060505;57.12221545320629;1.3287576837474113;41.622436634141884;0.8906267718090757
559;São José dos Campos;0.236;0.806;712369.18101027;3549904;0.991995001334117;0.04679221704406212;27.011184645273925;0.638487348698009;22.827054785721018;0.2399987906453509
560;São Lourenço da Serra;0.267;0.728;15586.339659660001;3549953;4.49111218724249;0.6415874553203558;13.245676496936376;0.20696369526463088;10.141221067966912;0.41392739052926175
561;São Luiz do Paraitinga;0.283;0.697;10766.085724510001;3550001;;;1.1985066937630091;0.2996266734407523;0.0;0.0
562;São Manuel;0.213;0.743;39578.08909824;3550100;0.8422168450476207;0.09357964944973565;7.661456461400939;0.24451456791705123;19.64267028933645;0.24451456791705123
563;São Miguel Arcanjo;0.286;0.71;31986.842465280002;3550209;1.1909658834437449;0.0;8.168681321523428;0.20169583509934388;3.7313729493378625;0.10084791754967194
564;São Paulo;0.291;0.805;11880941.253896441;3550308;4.563050365689981;0.3930665003893054;16.396278850597337;0.5047389819877867;14.065899785292778;0.3469910806779942
565;São Pedro;0.203;0.755;34259.95977725;3550407;1.6540202333890546;0.0;12.711161186386471;0.18831349905757735;19.867074150574414;0.3766269981151547
566;São Pedro do Turvo;0.211;0.703;7364.22141504;3550506;;;24.092072310097155;0.0;8.760753567308056;0.8760753567308056
567;São Roque;0.219;0.768;87673.53823183998;3550605;1.2356445914942034;0.04752479198054628;7.763404728693109;0.07358677467955553;22.40717288992466;0.22076032403866663
568;São Sebastião;0.215;0.772;87434.38715455998;3550704;1.1437147700621206;0.11437147700621206;16.012006780869687;0.5534103726107036;16.45473507895825;0.11068207452214071
569;São Sebastião da Grama;0.202;0.701;11918.557825920001;3550803;1.0487846082195869;0.0;12.179434159969396;0.8119622773312931;0.8119622773312931;0.0
570;São Simão;0.219;0.766;14845.374589500001;3550902;;;14.775971962662705;0.2172937053332751;6.084223749331703;0.2172937053332751
571;São Vicente;0.311;0.768;358105.75466250005;3551009;1.5172426755481847;0.037232949093206985;11.359052130613065;0.7026217812750349;10.584366576899567;0.44139060618559883
572;Sarapuí;0.235;0.707;10118.777952500002;3551108;4.94130815348574;0.0;1.275176297673739;0.31879407441843477;2.550352595347478;0.0
573;Sarutaiá;0.301;0.688;3643.3681100399995;3551207;;;8.853913066658224;0.8853913066658224;0.8853913066658224;0.0
574;Sebastianópolis do Sul;0.143;0.773;3305.4848125;3551306;;;12.686636378538116;0.0;10.73484616645533;0.9758951060413935
575;Serra Azul;0.321;0.686;12290.673516700004;3551405;;;17.584799723497518;0.0;6.036573039409596;0.0
576;Serra Negra;0.162;0.767;27473.47608;3551603;0.5199820453777207;0.0;8.688732242118045;0.0;24.77462842009334;0.2348306011383255
577;Serrana;0.212;0.729;44539.19278592;3551504;0.34541747217023794;0.5181262082553569;22.88669315605383;1.1588199066356368;12.457313996333099;0.1448524883294546
578;Sertãozinho;0.186;0.761;122724.51593023997;3551702;0.38970279568026506;0.07085505376004819;26.44264893387089;0.9988276933271308;14.745850946224223;0.13142469649041197
579;Sete Barras;0.303;0.672;12578.189886;3551801;;;42.572411119644144;1.025841231798654;40.00780804014751;1.2823015397483175
580;Severínia;0.286;0.714;17147.19558006;3551900;;;58.50669876409624;1.1287465999504098;4.326861966476571;0.0
581;Silveiras;0.27;0.678;6206.993928999998;3552007;;;4.1576408657871635;0.0;4.67734597401056;0.0
582;Socorro;0.223;0.728;38846.08764343;3552106;0.8580872709576703;0.0;16.940303542777237;0.24912211092319467;17.272466357341496;0.16608140728212975
583;Sorocaba;0.277;0.798;659694.49503828;3552205;0.626552648903564;0.10105687885541352;17.96041529206132;0.44986610587248604;16.860199272264477;0.38140822019623816
584;Sud Mennucci;0.212;0.747;7720.818520160001;3552304;;;30.082052040165802;0.0;15.041026020082901;0.0
585;Sumaré;0.244;0.762;284189.89600643;3552403;0.4691698586297261;0.01466155808217894;18.66085276420814;0.6583512532384866;14.279411665069247;0.22701767353051264
586;Suzanápolis;0.247;0.699;3963.5858145800007;3552551;;;8.952466939712764;0.0;14.649491355893613;0.0
587;Suzano;0.333;0.764;291278.84658425;3552502;1.8767812118088287;0.17165681815324654;14.640665393457544;0.3433136363064931;14.983979029764038;0.38761217002346
588;Tabapuã;0.301;0.734;11911.837351479999;3552601;;;36.829723616470204;0.54161358259515;10.561464860605428;0.0
589;Tabatinga;0.274;0.704;15912.68692138;3552700;;;15.812094115151847;0.4054383106449191;13.37946425128233;0.4054383106449191
590;Taboão da Serra;0.295;0.769;284441.7994675201;3552809;2.2383020634045963;0.1757828845605704;21.615624385319173;0.8619031759098935;11.953236150118787;0.43095158795494676
591;Taciba;0.309;0.723;6057.855007470001;3552908;;;9.584996018794167;0.0;6.389997345862778;0.0
592;Taguaí;0.216;0.709;13383.929712960002;3553005;;;10.604918504131712;0.0;51.33744639500124;0.482041750187805
593;Taiaçu;0.234;0.71;6037.87781184;3553104;4.416562821853494;0.0;49.6863317458518;0.5342616316758259;3.2055697900549553;0.0
594;Taiúva;0.248;0.76;6483.525895979999;3553203;;;89.05946611499289;0.9950778336870714;2.4876945842176785;0.9950778336870714
595;Tambaú;0.22;0.73;22793.83678688;3553302;;;28.445719903873368;0.2830419890932674;8.77430166189129;0.0
596;Tanabi;0.208;0.748;25140.824481739997;3553401;0.5188166470174101;0.0;57.35434352673112;0.513237973393567;20.40120944239429;0.12830949334839176
597;Tapiraí;0.325;0.681;7670.267712;3553500;;;5.887837559036772;0.42055982564548366;9.672875989846125;0.42055982564548366
598;Tapiratiba;0.164;0.751;12601.758627000001;3553609;;;15.35883941484846;0.25598065691414096;13.055013502621188;0.5119613138282819
599;Taquaral;0.187;0.759;2747.9396218299994;3553658;;;56.3472022628736;0.0;8.217300330002399;0.0
600;Taquaritinga;0.298;0.748;54489.81638099998;3553708;0.30586755055533926;0.0;14.80004276880674;0.35520102645136176;7.044820357952008;0.1184003421504539
601;Taquarituba;0.37;0.7;23213.600464;3553807;0.331370728303739;0.0;3.6130098763439924;0.13896191832092278;14.035153750413203;0.0
602;Taquarivaí;0.282;0.679;5747.501086620001;3553856;;;7.296298554617451;0.0;6.1737910846763056;0.0
603;Tarabai;0.332;0.726;7274.09033215;3553906;2.1149882228735204;0.0;15.07781926629187;0.44346527253799617;11.973562358525898;0.44346527253799617
604;Tarumã;0.213;0.753;14840.66446192;3553955;;;8.911869468883488;0.0;14.345936218202686;0.0
605;Tatuí;0.188;0.752;120253.60023768002;3554003;0.44350716509044674;0.02771919781815292;18.938471283499318;0.42920048234559355;13.734415435058994;0.37555042205239436
606;Taubaté;0.187;0.8;307923.3056;3554102;0.4113578425635953;0.04330082553301004;13.482619950238044;0.4714202779803512;17.337790223499585;0.26190015443352843
607;Tejupá;0.295;0.668;4684.43351232;3554201;;;0.688622528877627;0.0;15.149695635307797;0.0
608;Teodoro Sampaio;0.285;0.741;22432.81432576;3554300;;;15.81784186881767;0.287597124887594;32.78607223718572;0.0
609;Terra Roxa;0.288;0.749;9127.239439590003;3554409;0.42139289449018946;0.0;28.274103888374;0.0;3.887689284651426;0.0
610;Tietê;0.139;0.778;41142.37526324001;3554508;;;18.582206888656227;0.23521780871716746;13.956256650551937;0.23521780871716746
611;Timburi;0.236;0.71;2554.0275070000002;3554607;39.15384612183035;0.0;8.841191059768144;1.263027294252592;7.578163765515552;0.0
612;Torre de Pedra;0.26;0.714;2320.4000018699994;3554656;;;6.9509706279375125;0.0;4.170582376762508;1.3901941255875025
613;Torrinha;0.208;0.744;9714.16896435;3554706;;;10.626313669284627;0.0;30.550651799193307;0.0
614;Trabiju;0.298;0.722;1703.2296767000003;3554755;;;13.257545632389531;0.0;13.257545632389531;0.0
615;Tremembé;0.213;0.785;46126.71348474001;3554805;;;7.692694381853365;0.06993358528957605;5.874421164324389;0.1398671705791521
616;Três Fronteiras;0.164;0.753;5549.336740999999;3554904;;;49.41014776798112;2.906479280469478;13.369804690159599;0.5812958560938956
617;Tuiuti;0.235;0.727;6572.32651351;3554953;2.5358853721595924;0.0;10.307146996519636;0.0;0.9816330472875843;0.0
618;Tupã;0.22;0.771;62824.16295;3555000;0.3031893805378436;0.0757973451344609;16.32821518735258;0.4621192977552617;14.787817528168375;0.5648124750342088
619;Tupi Paulista;0.161;0.769;14953.82518356;3555109;4.458168117409781;0.0;10.570172794503836;0.0;14.021657788627538;0.21571781213273133
620;Turiúba;0.113;0.751;1913.5509527699999;3555208;;;11.8003887634156;0.0;40.45847576028206;1.6857698233450855
621;Turmalina;0.241;0.737;1802.0091956400001;3555307;;;21.481398381880478;0.0;19.691281850057106;0.0
622;Ubarana;0.235;0.699;6080.751144000001;3555356;;;57.29343111137744;0.5304947325127539;5.304947325127539;0.5304947325127539
623;Ubatuba;0.236;0.751;89020.1445623;3555406;0.7488941631633786;0.0;19.495406118478925;0.362368143466151;25.69190137175011;0.1449472573864604
624;Ubirajara;0.186;0.727;4665.059263440001;3555505;;;4.148894497731465;0.0;13.138165909482971;0.0
625;Uchoa;0.301;0.721;9689.41802205;3555604;;;39.28462580766942;0.33292055769211365;11.65221951922398;0.33292055769211365
626;União Paulista;0.195;0.749;1741.5730195199997;3555703;;;50.01040623467709;1.852237267951003;44.45369443082408;1.852237267951003
627;Urânia;0.177;0.746;8615.026541599998;3555802;;;45.681622128082694;1.4977581025600881;52.421533589603094;1.8721976282001103
628;Uru;0.174;0.712;1204.04040597;3555901;;;88.41199379639272;0.0;0.0;0.0
629;Urupês;0.175;0.745;13172.727242250001;3556008;;;20.570360028892587;0.7346557153175923;3.428393338148764;0.0
630;Valentim Gentil;0.151;0.735;12806.26365033;3556107;;;76.32353835019809;1.0075714633689516;15.869250548060991;0.0
631;Valinhos;0.18;0.82;125713.32073329002;3556206;0.6893992312122303;0.10606142018649697;22.50383842828012;0.7698006303858651;17.628434435836308;0.30792025215434604
632;Valparaíso;0.264;0.725;24010.699689589997;3556305;;;27.675833591820048;0.940440947294856;12.89747584861517;0.134348706756408
633;Vargem;0.203;0.7;10017.461777999999;3556354;4.991284330109276;0.0;2.576146751024142;0.0;0.6440366877560355;0.0
634;Vargem Grande do Sul;0.297;0.737;41536.328112;3556404;;;13.59090113863886;0.23298687666238044;9.785448819819978;0.4659737533247609
635;Vargem Grande Paulista;0.245;0.769;52942.503237569996;3556453;0.8814593910918485;0.12592277015597836;7.18978397342199;0.3046518632805928;7.6162965820148205;0.3046518632805928
636;Várzea Paulista;0.301;0.759;120871.523168;3556503;0.6326600859410634;0.09733232091400976;12.489934599868736;0.3202547333299676;8.299935172134994;0.18681526110914776
637;Vera Cruz;0.179;0.754;10515.46148356;3556602;;;15.951932851080358;0.306767939443853;11.350413759422564;0.306767939443853
638;Vinhedo;0.175;0.817;77912.80825832;3556701;1.4118346194799563;0.08556573451393673;22.19188727393714;0.4554305224128891;23.88940103929427;0.16561109905923238
639;Viradouro;0.21;0.739;18366.429328;3556800;;;22.305773868101685;0.3512720294189241;5.620352470702786;0.17563601470946205
640;Vista Alegre do Alto;0.198;0.744;8047.321094720001;3556909;1.2426495578213212;0.0;18.840170715355516;0.0;11.624786186070423;0.0
641;Vitória Brasil;0.151;0.725;1760.9202417600004;3556958;;;10.991320475896565;0.0;9.159433729913802;0.0
642;Votorantim;0.269;0.767;119957.04214560002;3557006;0.30566497815244426;0.08336317585975753;18.044093871579776;0.40337020577302035;12.692715808324373;0.5916096351337632
643;Votuporanga;0.151;0.79;91902.93164352;3557105;0.6891328949004089;0.0;62.61866304765685;1.0530044234471445;28.852321202451755;0.4212017693788578
644;Zacarias;0.181;0.729;2565.56089048;3557154;;;30.17638564962105;0.0;27.661686845485963;0.0
